/* GENERATED BY CXK CLI */
#ifndef APP_IMAGE_H
#define APP_IMAGE_H
static const unsigned char shell_xcex[] = {
    0x43,0x58,0x45,0x58,0x45,0x43,0x01,0x00,0x01,0x00,0x01,0x00,
    0x31,0x00,0x00,0x00,0x6a,0x1a,0x40,0x00,0x00,0x00,0x40,0x00,
    0x00,0x00,0x40,0x00,0xe9,0x56,0x40,0x00,0x02,0x00,0x38,0x00,
    0x00,0x00,0x00,0x00,0x00,0x00,0x00,0x00,0x00,0x00,0x00,0x00,
    0x00,0x00,0x40,0x00,0x00,0x00,0x00,0x00,0x2e,0x74,0x65,0x78,
    0x74,0x00,0x00,0x00,0x70,0x00,0x00,0x00,0x00,0x00,0x40,0x00,
    0xd8,0x4b,0x00,0x00,0xd8,0x4b,0x00,0x00,0x05,0x00,0x00,0x00,
    0x2e,0x64,0x61,0x74,0x61,0x00,0x00,0x00,0x48,0x4c,0x00,0x00,
    0x00,0x50,0x40,0x00,0xe9,0x06,0x00,0x00,0xe9,0x06,0x00,0x00,
    0x03,0x00,0x00,0x00,0x55,0x89,0xe5,0xb8,0x00,0x00,0x00,0x00,
    0x50,0x8b,0x45,0x08,0x50,0xb8,0x00,0x00,0x00,0x00,0x50,0xb8,
    0x00,0x00,0x00,0x00,0x50,0xb8,0x00,0x00,0x00,0x00,0x50,0xb8,
    0x00,0x00,0x00,0x00,0x50,0x5f,0x5e,0x5a,0x59,0x5b,0x58,0xcd,
    0x80,0x89,0xec,0x5d,0xc3,0x55,0x89,0xe5,0xb8,0x01,0x00,0x00,
    0x00,0x50,0xb8,0x00,0x00,0x00,0x00,0x50,0xb8,0x00,0x00,0x00,
    0x00,0x50,0xb8,0x00,0x00,0x00,0x00,0x50,0xb8,0x00,0x00,0x00,
    0x00,0x50,0xb8,0x00,0x00,0x00,0x00,0x50,0x5f,0x5e,0x5a,0x59,
    0x5b,0x58,0xcd,0x80,0x89,0xec,0x5d,0xc3,0x55,0x89,0xe5,0xb8,
    0x02,0x00,0x00,0x00,0x50,0xb8,0x00,0x00,0x00,0x00,0x50,0xb8,
    0x00,0x00,0x00,0x00,0x50,0xb8,0x00,0x00,0x00,0x00,0x50,0xb8,
    0x00,0x00,0x00,0x00,0x50,0xb8,0x00,0x00,0x00,0x00,0x50,0x5f,
    0x5e,0x5a,0x59,0x5b,0x58,0xcd,0x80,0xeb,0x00,0x89,0xec,0x5d,
    0xc3,0x55,0x89,0xe5,0xb8,0x03,0x00,0x00,0x00,0x50,0xb8,0x00,
    0x00,0x00,0x00,0x50,0xb8,0x00,0x00,0x00,0x00,0x50,0xb8,0x00,
    0x00,0x00,0x00,0x50,0xb8,0x00,0x00,0x00,0x00,0x50,0xb8,0x00,
    0x00,0x00,0x00,0x50,0x5f,0x5e,0x5a,0x59,0x5b,0x58,0xcd,0x80,
    0xeb,0x00,0x89,0xec,0x5d,0xc3,0x55,0x89,0xe5,0xb8,0x30,0x00,
    0x00,0x00,0x50,0x8b,0x45,0x08,0x50,0x8b,0x45,0x0c,0x50,0xb8,
    0x00,0x00,0x00,0x00,0x50,0xb8,0x00,0x00,0x00,0x00,0x50,0xb8,
    0x00,0x00,0x00,0x00,0x50,0x5f,0x5e,0x5a,0x59,0x5b,0x58,0xcd,
    0x80,0xeb,0x00,0x89,0xec,0x5d,0xc3,0x55,0x89,0xe5,0xb8,0x20,
    0x00,0x00,0x00,0x50,0xb8,0x00,0x00,0x00,0x00,0x50,0xb8,0x00,
    0x00,0x00,0x00,0x50,0xb8,0x00,0x00,0x00,0x00,0x50,0xb8,0x00,
    0x00,0x00,0x00,0x50,0xb8,0x00,0x00,0x00,0x00,0x50,0x5f,0x5e,
    0x5a,0x59,0x5b,0x58,0xcd,0x80,0xeb,0x00,0x89,0xec,0x5d,0xc3,
    0x55,0x89,0xe5,0xb8,0x20,0x00,0x00,0x00,0x50,0xb8,0x01,0x00,
    0x00,0x00,0x50,0xb8,0x00,0x00,0x00,0x00,0x50,0xb8,0x00,0x00,
    0x00,0x00,0x50,0xb8,0x00,0x00,0x00,0x00,0x50,0xb8,0x00,0x00,
    0x00,0x00,0x50,0x5f,0x5e,0x5a,0x59,0x5b,0x58,0xcd,0x80,0xeb,
    0x00,0x89,0xec,0x5d,0xc3,0x55,0x89,0xe5,0xb8,0x40,0x00,0x00,
    0x00,0x50,0x8b,0x45,0x08,0x50,0xb8,0x00,0x00,0x00,0x00,0x50,
    0xb8,0x00,0x00,0x00,0x00,0x50,0xb8,0x00,0x00,0x00,0x00,0x50,
    0xb8,0x00,0x00,0x00,0x00,0x50,0x5f,0x5e,0x5a,0x59,0x5b,0x58,
    0xcd,0x80,0xeb,0x00,0x89,0xec,0x5d,0xc3,0x55,0x89,0xe5,0xb8,
    0x50,0x00,0x00,0x00,0x50,0x8b,0x45,0x08,0x50,0xb8,0x00,0x00,
    0x00,0x00,0x50,0xb8,0x00,0x00,0x00,0x00,0x50,0xb8,0x00,0x00,
    0x00,0x00,0x50,0xb8,0x00,0x00,0x00,0x00,0x50,0x5f,0x5e,0x5a,
    0x59,0x5b,0x58,0xcd,0x80,0xeb,0x00,0x89,0xec,0x5d,0xc3,0x55,
    0x89,0xe5,0xb8,0x71,0x00,0x00,0x00,0x50,0xb8,0x00,0x00,0x00,
    0x00,0x50,0xb8,0x00,0x00,0x00,0x00,0x50,0xb8,0x00,0x00,0x00,
    0x00,0x50,0xb8,0x00,0x00,0x00,0x00,0x50,0xb8,0x00,0x00,0x00,
    0x00,0x50,0x5f,0x5e,0x5a,0x59,0x5b,0x58,0xcd,0x80,0x89,0xec,
    0x5d,0xc3,0x55,0x89,0xe5,0xb8,0x71,0x00,0x00,0x00,0x50,0xb8,
    0x01,0x00,0x00,0x00,0x50,0xb8,0x00,0x00,0x00,0x00,0x50,0xb8,
    0x00,0x00,0x00,0x00,0x50,0xb8,0x00,0x00,0x00,0x00,0x50,0xb8,
    0x00,0x00,0x00,0x00,0x50,0x5f,0x5e,0x5a,0x59,0x5b,0x58,0xcd,
    0x80,0x89,0xec,0x5d,0xc3,0x55,0x89,0xe5,0xb8,0x71,0x00,0x00,
    0x00,0x50,0xb8,0x02,0x00,0x00,0x00,0x50,0x8b,0x45,0x08,0x50,
    0xb8,0x00,0x00,0x00,0x00,0x50,0xb8,0x00,0x00,0x00,0x00,0x50,
    0xb8,0x00,0x00,0x00,0x00,0x50,0x5f,0x5e,0x5a,0x59,0x5b,0x58,
    0xcd,0x80,0xeb,0x00,0x89,0xec,0x5d,0xc3,0x55,0x89,0xe5,0xb8,
    0x13,0x00,0x00,0x00,0x50,0xb8,0x00,0x00,0x00,0x00,0x50,0xb8,
    0x00,0x00,0x00,0x00,0x50,0xb8,0x00,0x00,0x00,0x00,0x50,0xb8,
    0x00,0x00,0x00,0x00,0x50,0xb8,0x00,0x00,0x00,0x00,0x50,0x5f,
    0x5e,0x5a,0x59,0x5b,0x58,0xcd,0x80,0xeb,0x00,0x89,0xec,0x5d,
    0xc3,0x55,0x89,0xe5,0xb8,0x16,0x00,0x00,0x00,0x50,0x8b,0x45,
    0x08,0x50,0xb8,0x00,0x00,0x00,0x00,0x50,0xb8,0x00,0x00,0x00,
    0x00,0x50,0xb8,0x00,0x00,0x00,0x00,0x50,0xb8,0x00,0x00,0x00,
    0x00,0x50,0x5f,0x5e,0x5a,0x59,0x5b,0x58,0xcd,0x80,0xeb,0x00,
    0x89,0xec,0x5d,0xc3,0x55,0x89,0xe5,0xb8,0x10,0x00,0x00,0x00,
    0x50,0x8b,0x45,0x08,0x50,0xb8,0x00,0x00,0x00,0x00,0x50,0xb8,
    0x00,0x00,0x00,0x00,0x50,0xb8,0x00,0x00,0x00,0x00,0x50,0xb8,
    0x00,0x00,0x00,0x00,0x50,0x5f,0x5e,0x5a,0x59,0x5b,0x58,0xcd,
    0x80,0xeb,0x00,0x89,0xec,0x5d,0xc3,0x55,0x89,0xe5,0xb8,0x11,
    0x00,0x00,0x00,0x50,0x8b,0x45,0x08,0x50,0xb8,0x00,0x00,0x00,
    0x00,0x50,0xb8,0x00,0x00,0x00,0x00,0x50,0xb8,0x00,0x00,0x00,
    0x00,0x50,0xb8,0x00,0x00,0x00,0x00,0x50,0x5f,0x5e,0x5a,0x59,
    0x5b,0x58,0xcd,0x80,0xeb,0x00,0x89,0xec,0x5d,0xc3,0x55,0x89,
    0xe5,0xb8,0x12,0x00,0x00,0x00,0x50,0x8b,0x45,0x08,0x50,0xb8,
    0x00,0x00,0x00,0x00,0x50,0xb8,0x00,0x00,0x00,0x00,0x50,0xb8,
    0x00,0x00,0x00,0x00,0x50,0xb8,0x00,0x00,0x00,0x00,0x50,0x5f,
    0x5e,0x5a,0x59,0x5b,0x58,0xcd,0x80,0xeb,0x00,0x89,0xec,0x5d,
    0xc3,0x55,0x89,0xe5,0xb8,0x70,0x00,0x00,0x00,0x50,0x8b,0x45,
    0x08,0x50,0xb8,0x00,0x00,0x00,0x00,0x50,0xb8,0x00,0x00,0x00,
    0x00,0x50,0xb8,0x00,0x00,0x00,0x00,0x50,0xb8,0x00,0x00,0x00,
    0x00,0x50,0x5f,0x5e,0x5a,0x59,0x5b,0x58,0xcd,0x80,0xeb,0x00,
    0x89,0xec,0x5d,0xc3,0x55,0x89,0xe5,0xb8,0x10,0x00,0x00,0x00,
    0x50,0xa1,0xc0,0x50,0x40,0x00,0x59,0x39,0xc8,0x0f,0x9d,0xc0,
    0x0f,0xb6,0xc0,0x85,0xc0,0x74,0x04,0xeb,0x65,0xeb,0x00,0x8b,
    0x45,0x08,0x50,0x8d,0x05,0x00,0x50,0x40,0x00,0x50,0xa1,0xc0,
    0x50,0x40,0x00,0x6b,0xc0,0x04,0x59,0x01,0xc8,0x59,0x89,0x08,
    0x8b,0x45,0x0c,0x50,0x8d,0x05,0x40,0x50,0x40,0x00,0x50,0xa1,
    0xc0,0x50,0x40,0x00,0x6b,0xc0,0x04,0x59,0x01,0xc8,0x59,0x89,
    0x08,0x8b,0x45,0x10,0x50,0x8d,0x05,0x80,0x50,0x40,0x00,0x50,
    0xa1,0xc0,0x50,0x40,0x00,0x6b,0xc0,0x04,0x59,0x01,0xc8,0x59,
    0x89,0x08,0xb8,0x01,0x00,0x00,0x00,0x50,0xa1,0xc0,0x50,0x40,
    0x00,0x59,0x01,0xc8,0x50,0x8d,0x05,0xc0,0x50,0x40,0x00,0x59,
    0x89,0x08,0x89,0xec,0x5d,0xc3,0x55,0x89,0xe5,0x83,0xec,0x08,
    0xb8,0x00,0x00,0x00,0x00,0x89,0x45,0xfc,0xa1,0xc0,0x50,0x40,
    0x00,0x50,0x8b,0x45,0xfc,0x59,0x39,0xc8,0x0f,0x9c,0xc0,0x0f,
    0xb6,0xc0,0x85,0xc0,0x0f,0x84,0xb8,0x00,0x00,0x00,0xb8,0xc4,
    0x50,0x40,0x00,0x50,0xe8,0x39,0x19,0x00,0x00,0x83,0xc4,0x04,
    0x8d,0x05,0x00,0x50,0x40,0x00,0x50,0x8b,0x45,0xfc,0x6b,0xc0,
    0x04,0x59,0x01,0xc8,0x8b,0x00,0x50,0xe8,0x1e,0x19,0x00,0x00,
    0x83,0xc4,0x04,0x8d,0x05,0x00,0x50,0x40,0x00,0x50,0x8b,0x45,
    0xfc,0x6b,0xc0,0x04,0x59,0x01,0xc8,0x8b,0x00,0x50,0xe8,0xf2,
    0x1b,0x00,0x00,0x83,0xc4,0x04,0x89,0x45,0xf8,0xb8,0x0a,0x00,
    0x00,0x00,0x50,0x8b,0x45,0xf8,0x59,0x39,0xc8,0x0f,0x9c,0xc0,
    0x0f,0xb6,0xc0,0x85,0xc0,0x74,0x23,0xb8,0x20,0x00,0x00,0x00,
    0x50,0xe8,0x0c,0x19,0x00,0x00,0x83,0xc4,0x04,0xb8,0x01,0x00,
    0x00,0x00,0x50,0x8b,0x45,0xf8,0x59,0x01,0xc8,0x50,0x8d,0x45,
    0xf8,0x59,0x89,0x08,0xeb,0xc7,0x8d,0x05,0x80,0x50,0x40,0x00,
    0x50,0x8b,0x45,0xfc,0x6b,0xc0,0x04,0x59,0x01,0xc8,0x8b,0x00,
    0x50,0xe8,0xac,0x18,0x00,0x00,0x83,0xc4,0x04,0xe8,0x21,0x19,
    0x00,0x00,0xb8,0x01,0x00,0x00,0x00,0x50,0x8b,0x45,0xfc,0x59,
    0x01,0xc8,0x50,0x8d,0x45,0xfc,0x59,0x89,0x08,0xe9,0x2e,0xff,
    0xff,0xff,0x89,0xec,0x5d,0xc3,0x55,0x89,0xe5,0x8b,0x45,0x08,
    0x50,0xe8,0x7c,0x18,0x00,0x00,0x83,0xc4,0x04,0xe8,0xf1,0x18,
    0x00,0x00,0x89,0xec,0x5d,0xc3,0x55,0x89,0xe5,0xb8,0xc7,0x50,
    0x40,0x00,0x50,0xe8,0x62,0x18,0x00,0x00,0x83,0xc4,0x04,0xe8,
    0x30,0xfb,0xff,0xff,0x50,0xe8,0xe7,0x23,0x00,0x00,0x83,0xc4,
    0x04,0xb8,0xcc,0x50,0x40,0x00,0x50,0xe8,0x46,0x18,0x00,0x00,
    0x83,0xc4,0x04,0xe8,0x49,0xfb,0xff,0xff,0x50,0xe8,0xcb,0x23,
    0x00,0x00,0x83,0xc4,0x04,0xe8,0xad,0x18,0x00,0x00,0x89,0xec,
    0x5d,0xc3,0x55,0x89,0xe5,0x83,0xec,0x04,0xb8,0xd3,0x50,0x40,
    0x00,0x50,0xe8,0x1b,0x18,0x00,0x00,0x83,0xc4,0x04,0x8b,0x45,
    0x08,0x50,0xe8,0xfe,0x1a,0x00,0x00,0x83,0xc4,0x04,0x50,0xe8,
    0x99,0x23,0x00,0x00,0x83,0xc4,0x04,0xe8,0x7b,0x18,0x00,0x00,
    0xb8,0x65,0x00,0x00,0x00,0x50,0x8b,0x45,0x08,0x50,0xe8,0xec,
    0x1c,0x00,0x00,0x83,0xc4,0x08,0x89,0x45,0xfc,0xb8,0xdd,0x50,
    0x40,0x00,0x50,0xe8,0xde,0x17,0x00,0x00,0x83,0xc4,0x04,0xb8,
    0x00,0x00,0x00,0x00,0x50,0x8b,0x45,0xfc,0x59,0x39,0xc8,0x0f,
    0x9c,0xc0,0x0f,0xb6,0xc0,0x85,0xc0,0x74,0x10,0xb8,0xe7,0x50,
    0x40,0x00,0x50,0xe8,0xba,0x17,0x00,0x00,0x83,0xc4,0x04,0xeb,
    0x0c,0x8b,0x45,0xfc,0x50,0xe8,0x3f,0x23,0x00,0x00,0x83,0xc4,
    0x04,0xe8,0x21,0x18,0x00,0x00,0xb8,0xf1,0x50,0x40,0x00,0x50,
    0xe8,0x99,0x17,0x00,0x00,0x83,0xc4,0x04,0xb8,0xfb,0x50,0x40,
    0x00,0x50,0x8b,0x45,0x08,0x50,0xe8,0x6a,0x1b,0x00,0x00,0x83,
    0xc4,0x08,0x50,0xe8,0x11,0x23,0x00,0x00,0x83,0xc4,0x04,0xe8,
    0xf3,0x17,0x00,0x00,0x89,0xec,0x5d,0xc3,0x55,0x89,0xe5,0x83,
    0xec,0x20,0xb8,0x10,0x00,0x00,0x00,0x50,0x8d,0x45,0xf0,0x50,
    0xb8,0x00,0x00,0x00,0x00,0x59,0x01,0xc8,0x50,0xe8,0xb8,0x1d,
    0x00,0x00,0x83,0xc4,0x08,0xb8,0x10,0x00,0x00,0x00,0x50,0x8d,
    0x45,0xe0,0x50,0xb8,0x00,0x00,0x00,0x00,0x59,0x01,0xc8,0x50,
    0xe8,0x9d,0x1d,0x00,0x00,0x83,0xc4,0x08,0xb8,0x10,0x00,0x00,
    0x00,0x50,0xb8,0x00,0x51,0x40,0x00,0x50,0x8d,0x45,0xf0,0x50,
    0xb8,0x00,0x00,0x00,0x00,0x59,0x01,0xc8,0x50,0xe8,0x7a,0x1b,
    0x00,0x00,0x83,0xc4,0x0c,0xb8,0x06,0x00,0x00,0x00,0x50,0x8d,
    0x45,0xf0,0x50,0xb8,0x00,0x00,0x00,0x00,0x59,0x01,0xc8,0x50,
    0x8d,0x45,0xe0,0x50,0xb8,0x00,0x00,0x00,0x00,0x59,0x01,0xc8,
    0x50,0xe8,0x71,0x1d,0x00,0x00,0x83,0xc4,0x0c,0xb8,0x06,0x51,
    0x40,0x00,0x50,0xe8,0xe2,0x16,0x00,0x00,0x83,0xc4,0x04,0x8d,
    0x45,0xe0,0x50,0xb8,0x00,0x00,0x00,0x00,0x59,0x01,0xc8,0x50,
    0xe8,0xcd,0x16,0x00,0x00,0x83,0xc4,0x04,0xe8,0x42,0x17,0x00,
    0x00,0xb8,0x10,0x51,0x40,0x00,0x50,0xe8,0xba,0x16,0x00,0x00,
    0x83,0xc4,0x04,0xb8,0x06,0x00,0x00,0x00,0x50,0x8d,0x45,0xe0,
    0x50,0xb8,0x00,0x00,0x00,0x00,0x59,0x01,0xc8,0x50,0x8d,0x45,
    0xf0,0x50,0xb8,0x00,0x00,0x00,0x00,0x59,0x01,0xc8,0x50,0xe8,
    0x8f,0x1e,0x00,0x00,0x83,0xc4,0x0c,0x50,0xe8,0x1c,0x22,0x00,
    0x00,0x83,0xc4,0x04,0xb8,0x1a,0x51,0x40,0x00,0x50,0xe8,0x7b,
    0x16,0x00,0x00,0x83,0xc4,0x04,0xe8,0xf0,0x16,0x00,0x00,0xb8,
    0x05,0x00,0x00,0x00,0x50,0x8d,0x45,0xf0,0x50,0xb8,0x00,0x00,
    0x00,0x00,0x59,0x01,0xc8,0x50,0x8d,0x45,0xf0,0x50,0xb8,0x02,
    0x00,0x00,0x00,0x59,0x01,0xc8,0x50,0xe8,0x25,0x1d,0x00,0x00,
    0x83,0xc4,0x0c,0xb8,0x27,0x51,0x40,0x00,0x50,0xe8,0x40,0x16,
    0x00,0x00,0x83,0xc4,0x04,0x8d,0x45,0xf0,0x50,0xb8,0x00,0x00,
    0x00,0x00,0x59,0x01,0xc8,0x50,0xe8,0x2b,0x16,0x00,0x00,0x83,
    0xc4,0x04,0xb8,0x31,0x51,0x40,0x00,0x50,0xe8,0x1d,0x16,0x00,
    0x00,0x83,0xc4,0x04,0xe8,0x92,0x16,0x00,0x00,0x89,0xec,0x5d,
    0xc3,0x55,0x89,0xe5,0xb8,0x42,0x51,0x40,0x00,0x50,0xe8,0x03,
    0x16,0x00,0x00,0x83,0xc4,0x04,0xb8,0x04,0x00,0x00,0x00,0x50,
    0xb8,0x03,0x00,0x00,0x00,0x50,0xb8,0x02,0x00,0x00,0x00,0x50,
    0xe8,0x1b,0x22,0x00,0x00,0x83,0xc4,0x08,0x50,0xe8,0xe0,0x26,
    0x00,0x00,0x83,0xc4,0x08,0xe8,0x55,0x16,0x00,0x00,0xb8,0x4e,
    0x51,0x40,0x00,0x50,0xe8,0xcd,0x15,0x00,0x00,0x83,0xc4,0x04,
    0xb8,0x02,0x00,0x00,0x00,0x50,0xb8,0x0f,0x00,0x00,0x00,0x50,
    0xe8,0xd6,0x21,0x00,0x00,0x83,0xc4,0x04,0x50,0xb8,0xc8,0x00,
    0x00,0x00,0x50,0xe8,0xc7,0x21,0x00,0x00,0x83,0xc4,0x04,0x50,
    0xe8,0x1f,0x24,0x00,0x00,0x83,0xc4,0x08,0x50,0xe8,0x98,0x26,
    0x00,0x00,0x83,0xc4,0x08,0xe8,0x0d,0x16,0x00,0x00,0xb8,0x5a,
    0x51,0x40,0x00,0x50,0xe8,0x85,0x15,0x00,0x00,0x83,0xc4,0x04,
    0xb8,0x02,0x00,0x00,0x00,0x50,0xb8,0x04,0x00,0x00,0x00,0x50,
    0xb8,0x01,0x00,0x00,0x00,0x50,0xe8,0x9d,0x21,0x00,0x00,0x83,
    0xc4,0x08,0x50,0xb8,0x0a,0x00,0x00,0x00,0x50,0xe8,0x79,0x21,
    0x00,0x00,0x83,0xc4,0x04,0x50,0xb8,0x00,0x00,0x00,0x00,0x50,
    0xe8,0x6a,0x21,0x00,0x00,0x83,0xc4,0x04,0x50,0xe8,0x9b,0x23,
    0x00,0x00,0x83,0xc4,0x0c,0x50,0xe8,0x3b,0x26,0x00,0x00,0x83,
    0xc4,0x08,0xb8,0x66,0x51,0x40,0x00,0x50,0xe8,0x2d,0x15,0x00,
    0x00,0x83,0xc4,0x04,0xe8,0xa2,0x15,0x00,0x00,0x89,0xec,0x5d,
    0xc3,0x55,0x89,0xe5,0xb8,0xff,0xff,0xff,0x00,0x50,0xb8,0x60,
    0x00,0x00,0x00,0x50,0xb8,0x30,0x00,0x00,0x00,0x50,0xb8,0x20,
    0x00,0x00,0x00,0x50,0xe8,0x43,0x26,0x00,0x00,0x83,0xc4,0x0c,
    0x50,0xb8,0x20,0x00,0x00,0x00,0x50,0xb8,0x14,0x00,0x00,0x00,
    0x50,0xb8,0x10,0x00,0x00,0x00,0x50,0xe8,0x28,0x26,0x00,0x00,
    0x83,0xc4,0x0c,0x50,0xb8,0x71,0x51,0x40,0x00,0x50,0xe8,0x8b,
    0x2a,0x00,0x00,0x83,0xc4,0x10,0xb8,0x00,0x00,0xff,0x00,0x50,
    0xb8,0x50,0x00,0x00,0x00,0x50,0xb8,0x78,0x00,0x00,0x00,0x50,
    0xb8,0x3c,0x00,0x00,0x00,0x50,0xb8,0x28,0x00,0x00,0x00,0x50,
    0xe8,0xb6,0x26,0x00,0x00,0x83,0xc4,0x14,0xb8,0x00,0xff,0x00,
    0x00,0x50,0xb8,0x50,0x00,0x00,0x00,0x50,0xb8,0x78,0x00,0x00,
    0x00,0x50,0xb8,0x3c,0x00,0x00,0x00,0x50,0xb8,0xb4,0x00,0x00,
    0x00,0x50,0xe8,0x90,0x26,0x00,0x00,0x83,0xc4,0x14,0xb8,0xff,
    0x00,0x00,0x00,0x50,0xb8,0x50,0x00,0x00,0x00,0x50,0xb8,0x78,
    0x00,0x00,0x00,0x50,0xb8,0x3c,0x00,0x00,0x00,0x50,0xb8,0x40,
    0x01,0x00,0x00,0x50,0xe8,0x6a,0x26,0x00,0x00,0x83,0xc4,0x14,
    0xb8,0xff,0xff,0xff,0x00,0x50,0xb8,0x54,0x00,0x00,0x00,0x50,
    0xb8,0x94,0x01,0x00,0x00,0x50,0xb8,0x3a,0x00,0x00,0x00,0x50,
    0xb8,0x26,0x00,0x00,0x00,0x50,0xe8,0x54,0x29,0x00,0x00,0x83,
    0xc4,0x14,0xb8,0x00,0xff,0xff,0x00,0x50,0xb8,0xe6,0x00,0x00,
    0x00,0x50,0xb8,0xb8,0x01,0x00,0x00,0x50,0xb8,0xaa,0x00,0x00,
    0x00,0x50,0xb8,0x28,0x00,0x00,0x00,0x50,0xe8,0x0a,0x27,0x00,
    0x00,0x83,0xc4,0x14,0xb8,0x20,0x00,0x00,0x00,0x50,0xb8,0x14,
    0x00,0x00,0x00,0x50,0xb8,0x10,0x00,0x00,0x00,0x50,0xe8,0x41,
    0x25,0x00,0x00,0x83,0xc4,0x0c,0x50,0xb8,0x80,0x80,0x80,0x00,
    0x50,0xb8,0x75,0x51,0x40,0x00,0x50,0xb8,0xfa,0x00,0x00,0x00,
    0x50,0xb8,0x28,0x00,0x00,0x00,0x50,0xe8,0x43,0x27,0x00,0x00,
    0x83,0xc4,0x14,0xe8,0x68,0x14,0x00,0x00,0xb8,0x00,0x00,0x00,
    0x00,0x50,0xe8,0x54,0x25,0x00,0x00,0x83,0xc4,0x04,0x89,0xec,
    0x5d,0xc3,0x55,0x89,0xe5,0xb8,0x83,0x51,0x40,0x00,0x50,0xe8,
    0xb6,0x13,0x00,0x00,0x83,0xc4,0x04,0xa1,0xc0,0x50,0x40,0x00,
    0x50,0xe8,0x3b,0x1f,0x00,0x00,0x83,0xc4,0x04,0xb8,0xa0,0x51,
    0x40,0x00,0x50,0xe8,0x9a,0x13,0x00,0x00,0x83,0xc4,0x04,0x89,
    0xec,0x5d,0xc3,0x55,0x89,0xe5,0xb8,0xab,0x51,0x40,0x00,0x50,
    0xe8,0x85,0x13,0x00,0x00,0x83,0xc4,0x04,0xe8,0xbe,0xf7,0xff,
    0xff,0x89,0xec,0x5d,0xc3,0x55,0x89,0xe5,0x83,0xec,0x24,0xb8,
    0x00,0x00,0x00,0x00,0x89,0x45,0xec,0xb8,0x00,0x00,0x00,0x00,
    0x89,0x45,0xe8,0xb8,0x00,0x00,0x00,0x00,0x89,0x45,0xe4,0xb8,
    0x00,0x00,0x00,0x00,0x89,0x45,0xe0,0xb8,0x01,0x00,0x00,0x00,
    0x50,0xb8,0x01,0x00,0x00,0x00,0x59,0x39,0xc8,0x0f,0x94,0xc0,
    0x0f,0xb6,0xc0,0x85,0xc0,0x0f,0x84,0x6c,0x01,0x00,0x00,0x8b,
    0x45,0x08,0x50,0x8b,0x45,0xe0,0x59,0x01,0xc8,0x0f,0xb6,0x00,
    0x89,0x45,0xdc,0xb8,0x30,0x00,0x00,0x00,0x50,0x8b,0x45,0xdc,
    0x59,0x39,0xc8,0x0f,0x9d,0xc0,0x0f,0xb6,0xc0,0x85,0xc0,0x74,
    0x12,0xb8,0x39,0x00,0x00,0x00,0x50,0x8b,0x45,0xdc,0x59,0x39,
    0xc8,0x0f,0x9e,0xc0,0x0f,0xb6,0xc0,0x85,0xc0,0x0f,0x95,0xc0,
    0x0f,0xb6,0xc0,0x85,0xc0,0x74,0x39,0xb8,0x30,0x00,0x00,0x00,
    0x50,0x8b,0x45,0xdc,0x59,0x29,0xc8,0x50,0xb8,0x0a,0x00,0x00,
    0x00,0x50,0x8b,0x45,0xe8,0x59,0x0f,0xaf,0xc1,0x59,0x01,0xc8,
    0x50,0x8d,0x45,0xe8,0x59,0x89,0x08,0xb8,0x01,0x00,0x00,0x00,
    0x50,0x8b,0x45,0xe4,0x59,0x01,0xc8,0x50,0x8d,0x45,0xe4,0x59,
    0x89,0x08,0xeb,0x00,0xb8,0x2e,0x00,0x00,0x00,0x50,0x8b,0x45,
    0xdc,0x59,0x39,0xc8,0x0f,0x94,0xc0,0x0f,0xb6,0xc0,0x85,0xc0,
    0x75,0x12,0xb8,0x00,0x00,0x00,0x00,0x50,0x8b,0x45,0xdc,0x59,
    0x39,0xc8,0x0f,0x94,0xc0,0x0f,0xb6,0xc0,0x85,0xc0,0x0f,0x95,
    0xc0,0x0f,0xb6,0xc0,0x85,0xc0,0x0f,0x84,0x9f,0x00,0x00,0x00,
    0xb8,0x00,0x00,0x00,0x00,0x50,0x8b,0x45,0xe4,0x59,0x39,0xc8,
    0x0f,0x94,0xc0,0x0f,0xb6,0xc0,0x85,0xc0,0x74,0x0c,0xb8,0x00,
    0x00,0x00,0x00,0xe9,0x08,0x01,0x00,0x00,0xeb,0x00,0xb8,0x03,
    0x00,0x00,0x00,0x50,0x8b,0x45,0xec,0x59,0x39,0xc8,0x0f,0x9f,
    0xc0,0x0f,0xb6,0xc0,0x85,0xc0,0x74,0x0c,0xb8,0x00,0x00,0x00,
    0x00,0xe9,0xe6,0x00,0x00,0x00,0xeb,0x00,0x8b,0x45,0xe8,0x50,
    0x8d,0x45,0xf0,0x50,0x8b,0x45,0xec,0x6b,0xc0,0x04,0x59,0x01,
    0xc8,0x59,0x89,0x08,0xb8,0x01,0x00,0x00,0x00,0x50,0x8b,0x45,
    0xec,0x59,0x01,0xc8,0x50,0x8d,0x45,0xec,0x59,0x89,0x08,0xb8,
    0x00,0x00,0x00,0x00,0x50,0x8d,0x45,0xe8,0x59,0x89,0x08,0xb8,
    0x00,0x00,0x00,0x00,0x50,0x8d,0x45,0xe4,0x59,0x89,0x08,0xb8,
    0x00,0x00,0x00,0x00,0x50,0x8b,0x45,0xdc,0x59,0x39,0xc8,0x0f,
    0x94,0xc0,0x0f,0xb6,0xc0,0x85,0xc0,0x74,0x04,0xeb,0x1c,0xeb,
    0x00,0xeb,0x00,0xb8,0x01,0x00,0x00,0x00,0x50,0x8b,0x45,0xe0,
    0x59,0x01,0xc8,0x50,0x8d,0x45,0xe0,0x59,0x89,0x08,0xe9,0x78,
    0xfe,0xff,0xff,0xb8,0x04,0x00,0x00,0x00,0x50,0x8b,0x45,0xec,
    0x59,0x39,0xc8,0x0f,0x95,0xc0,0x0f,0xb6,0xc0,0x85,0xc0,0x74,
    0x09,0xb8,0x00,0x00,0x00,0x00,0xeb,0x54,0xeb,0x00,0x8d,0x45,
    0xf0,0x50,0xb8,0x03,0x00,0x00,0x00,0x6b,0xc0,0x04,0x59,0x01,
    0xc8,0x8b,0x00,0x50,0x8d,0x45,0xf0,0x50,0xb8,0x02,0x00,0x00,
    0x00,0x6b,0xc0,0x04,0x59,0x01,0xc8,0x8b,0x00,0x50,0x8d,0x45,
    0xf0,0x50,0xb8,0x01,0x00,0x00,0x00,0x6b,0xc0,0x04,0x59,0x01,
    0xc8,0x8b,0x00,0x50,0x8d,0x45,0xf0,0x50,0xb8,0x00,0x00,0x00,
    0x00,0x6b,0xc0,0x04,0x59,0x01,0xc8,0x8b,0x00,0x50,0xe8,0x6a,
    0x27,0x00,0x00,0x83,0xc4,0x10,0xeb,0x00,0x89,0xec,0x5d,0xc3,
    0x55,0x89,0xe5,0x83,0xec,0x18,0xb8,0x01,0x00,0x00,0x00,0x50,
    0xe8,0x52,0x28,0x00,0x00,0x59,0x39,0xc8,0x0f,0x95,0xc0,0x0f,
    0xb6,0xc0,0x85,0xc0,0x74,0x15,0xb8,0xb9,0x51,0x40,0x00,0x50,
    0xe8,0x2d,0x11,0x00,0x00,0x83,0xc4,0x04,0xe9,0x0b,0x01,0x00,
    0x00,0xeb,0x00,0x8d,0x45,0xf8,0x50,0xb8,0x00,0x00,0x00,0x00,
    0x59,0x01,0xc8,0x50,0xe8,0x60,0x28,0x00,0x00,0x83,0xc4,0x04,
    0xb8,0xdf,0x51,0x40,0x00,0x50,0xe8,0x03,0x11,0x00,0x00,0x83,
    0xc4,0x04,0x8d,0x45,0xf8,0x50,0xb8,0x00,0x00,0x00,0x00,0x59,
    0x01,0xc8,0x50,0xe8,0x58,0x2b,0x00,0x00,0x83,0xc4,0x04,0xe8,
    0x63,0x11,0x00,0x00,0x8d,0x45,0xe8,0x50,0xb8,0x00,0x00,0x00,
    0x00,0x6b,0xc0,0x04,0x59,0x01,0xc8,0x50,0xe8,0x6f,0x28,0x00,
    0x00,0x83,0xc4,0x04,0xb8,0xeb,0x51,0x40,0x00,0x50,0xe8,0xc3,
    0x10,0x00,0x00,0x83,0xc4,0x04,0x8d,0x45,0xe8,0x50,0xb8,0x00,
    0x00,0x00,0x00,0x6b,0xc0,0x04,0x59,0x01,0xc8,0x8b,0x00,0x50,
    0xe8,0x76,0x2a,0x00,0x00,0x83,0xc4,0x04,0xe8,0x1e,0x11,0x00,
    0x00,0xb8,0xf7,0x51,0x40,0x00,0x50,0xe8,0x96,0x10,0x00,0x00,
    0x83,0xc4,0x04,0x8d,0x45,0xe8,0x50,0xb8,0x01,0x00,0x00,0x00,
    0x6b,0xc0,0x04,0x59,0x01,0xc8,0x8b,0x00,0x50,0xe8,0x49,0x2a,
    0x00,0x00,0x83,0xc4,0x04,0xe8,0xf1,0x10,0x00,0x00,0xb8,0x03,
    0x52,0x40,0x00,0x50,0xe8,0x69,0x10,0x00,0x00,0x83,0xc4,0x04,
    0x8d,0x45,0xe8,0x50,0xb8,0x02,0x00,0x00,0x00,0x6b,0xc0,0x04,
    0x59,0x01,0xc8,0x8b,0x00,0x50,0xe8,0x1c,0x2a,0x00,0x00,0x83,
    0xc4,0x04,0xe8,0xc4,0x10,0x00,0x00,0xb8,0x0f,0x52,0x40,0x00,
    0x50,0xe8,0x3c,0x10,0x00,0x00,0x83,0xc4,0x04,0x8d,0x45,0xe8,
    0x50,0xb8,0x03,0x00,0x00,0x00,0x6b,0xc0,0x04,0x59,0x01,0xc8,
    0x8b,0x00,0x50,0xe8,0xef,0x29,0x00,0x00,0x83,0xc4,0x04,0xe8,
    0x97,0x10,0x00,0x00,0x89,0xec,0x5d,0xc3,0x55,0x89,0xe5,0x83,
    0xec,0x04,0x8b,0x45,0x08,0x50,0xe8,0x8e,0xfc,0xff,0xff,0x83,
    0xc4,0x04,0x89,0x45,0xfc,0xb8,0x00,0x00,0x00,0x00,0x50,0x8b,
    0x45,0xfc,0x59,0x39,0xc8,0x0f,0x94,0xc0,0x0f,0xb6,0xc0,0x85,
    0xc0,0x74,0x12,0xb8,0x1b,0x52,0x40,0x00,0x50,0xe8,0xe0,0x0f,
    0x00,0x00,0x83,0xc4,0x04,0xeb,0x2d,0xeb,0x00,0x8b,0x45,0xfc,
    0x50,0xe8,0x4c,0x28,0x00,0x00,0x83,0xc4,0x04,0xb8,0x31,0x52,
    0x40,0x00,0x50,0xe8,0xc2,0x0f,0x00,0x00,0x83,0xc4,0x04,0x8b,
    0x45,0xfc,0x50,0xe8,0x83,0x29,0x00,0x00,0x83,0xc4,0x04,0xe8,
    0x2b,0x10,0x00,0x00,0x89,0xec,0x5d,0xc3,0x55,0x89,0xe5,0x83,
    0xec,0x10,0x8b,0x45,0x08,0x50,0xe8,0x22,0xfc,0xff,0xff,0x83,
    0xc4,0x04,0x89,0x45,0xfc,0xb8,0x00,0x00,0x00,0x00,0x50,0x8b,
    0x45,0xfc,0x59,0x39,0xc8,0x0f,0x94,0xc0,0x0f,0xb6,0xc0,0x85,
    0xc0,0x74,0x15,0xb8,0x3c,0x52,0x40,0x00,0x50,0xe8,0x74,0x0f,
    0x00,0x00,0x83,0xc4,0x04,0xe9,0x39,0x01,0x00,0x00,0xeb,0x00,
    0xb8,0x01,0x00,0x00,0x00,0x50,0xe8,0x6c,0x26,0x00,0x00,0x59,
    0x39,0xc8,0x0f,0x95,0xc0,0x0f,0xb6,0xc0,0x85,0xc0,0x74,0x15,
    0xb8,0x51,0x52,0x40,0x00,0x50,0xe8,0x47,0x0f,0x00,0x00,0x83,
    0xc4,0x04,0xe9,0x0c,0x01,0x00,0x00,0xeb,0x00,0xb8,0x00,0x00,
    0x00,0x00,0x89,0x45,0xf8,0xb8,0x04,0x00,0x00,0x00,0x50,0x8b,
    0x45,0xf8,0x59,0x39,0xc8,0x0f,0x9c,0xc0,0x0f,0xb6,0xc0,0x85,
    0xc0,0x0f,0x84,0xe8,0x00,0x00,0x00,0xb8,0x00,0x00,0x00,0x00,
    0x50,0x8d,0x45,0xf4,0x50,0xb8,0x00,0x00,0x00,0x00,0x6b,0xc0,
    0x04,0x59,0x01,0xc8,0x59,0x89,0x08,0x8d,0x45,0xf4,0x50,0xb8,
    0x00,0x00,0x00,0x00,0x6b,0xc0,0x04,0x59,0x01,0xc8,0x50,0x8b,
    0x45,0xf8,0x50,0x8b,0x45,0xfc,0x50,0xe8,0xce,0x27,0x00,0x00,
    0x83,0xc4,0x0c,0x89,0x45,0xf0,0xb8,0x66,0x52,0x40,0x00,0x50,
    0xe8,0xd5,0x0e,0x00,0x00,0x83,0xc4,0x04,0x8b,0x45,0xf8,0x50,
    0xe8,0x5c,0x1a,0x00,0x00,0x83,0xc4,0x04,0xb8,0x00,0x00,0x00,
    0x00,0x50,0x8b,0x45,0xf0,0x59,0x39,0xc8,0x0f,0x94,0xc0,0x0f,
    0xb6,0xc0,0x85,0xc0,0x74,0x52,0xb8,0x6d,0x52,0x40,0x00,0x50,
    0xe8,0xa5,0x0e,0x00,0x00,0x83,0xc4,0x04,0x8b,0x45,0xfc,0x50,
    0xe8,0x66,0x28,0x00,0x00,0x83,0xc4,0x04,0xb8,0xc4,0x50,0x40,
    0x00,0x50,0xe8,0x8b,0x0e,0x00,0x00,0x83,0xc4,0x04,0x8d,0x45,
    0xf4,0x50,0xb8,0x00,0x00,0x00,0x00,0x6b,0xc0,0x04,0x59,0x01,
    0xc8,0x8b,0x00,0x50,0xe8,0x04,0x1a,0x00,0x00,0x83,0xc4,0x04,
    0xb8,0x7b,0x52,0x40,0x00,0x50,0xe8,0x63,0x0e,0x00,0x00,0x83,
    0xc4,0x04,0xeb,0x0e,0xb8,0x7f,0x52,0x40,0x00,0x50,0xe8,0x53,
    0x0e,0x00,0x00,0x83,0xc4,0x04,0xe8,0xc8,0x0e,0x00,0x00,0xb8,
    0x01,0x00,0x00,0x00,0x50,0x8b,0x45,0xf8,0x59,0x01,0xc8,0x50,
    0x8d,0x45,0xf8,0x59,0x89,0x08,0xe9,0xfe,0xfe,0xff,0xff,0x89,
    0xec,0x5d,0xc3,0x55,0x89,0xe5,0xb8,0x8a,0x52,0x40,0x00,0x50,
    0xe8,0x21,0x0e,0x00,0x00,0x83,0xc4,0x04,0xe8,0x8d,0xf2,0xff,
    0xff,0xb8,0x9c,0x52,0x40,0x00,0x50,0xe8,0x0e,0x0e,0x00,0x00,
    0x83,0xc4,0x04,0x89,0xec,0x5d,0xc3,0x55,0x89,0xe5,0x83,0xec,
    0x40,0xe8,0x30,0x37,0x00,0x00,0xe8,0xbc,0x31,0x00,0x00,0xb8,
    0x01,0x00,0x00,0x00,0x50,0xb8,0x00,0x00,0x00,0x00,0x59,0x29,
    0xc8,0x50,0x8d,0x05,0x6f,0x54,0x40,0x00,0x59,0x89,0x08,0xb8,
    0x02,0x00,0x00,0x00,0x50,0xe8,0x47,0x22,0x00,0x00,0x59,0x31,
    0xd2,0xf7,0xf1,0x50,0x8d,0x05,0x73,0x54,0x40,0x00,0x59,0x89,
    0x08,0xb8,0x02,0x00,0x00,0x00,0x50,0xe8,0x7e,0x22,0x00,0x00,
    0x59,0x31,0xd2,0xf7,0xf1,0x50,0x8d,0x05,0x77,0x54,0x40,0x00,
    0x59,0x89,0x08,0xb8,0x8c,0x00,0x00,0x00,0x89,0x45,0xfc,0xb8,
    0x3c,0x00,0x00,0x00,0x89,0x45,0xf8,0xb8,0xa5,0x42,0x40,0x00,
    0x50,0xe8,0x54,0x22,0x00,0x00,0x50,0xe8,0xfd,0x21,0x00,0x00,
    0x50,0xb8,0x00,0x00,0x00,0x00,0x50,0xb8,0x00,0x00,0x00,0x00,
    0x50,0xb8,0x00,0x00,0x00,0x00,0x50,0xe8,0xbc,0x36,0x00,0x00,
    0x83,0xc4,0x18,0x89,0x45,0xf4,0xb8,0x54,0x43,0x40,0x00,0x50,
    0xb8,0xd8,0x00,0x00,0x00,0x50,0xb8,0xa2,0x00,0x00,0x00,0x50,
    0x8b,0x45,0xf8,0x50,0x8b,0x45,0xfc,0x50,0xb8,0x0a,0x00,0x00,
    0x00,0x50,0xe8,0x91,0x36,0x00,0x00,0x83,0xc4,0x18,0x89,0x45,
    0xf0,0xb8,0xa7,0x46,0x40,0x00,0x50,0xb8,0x0b,0x00,0x00,0x00,
    0x50,0xb8,0x0b,0x00,0x00,0x00,0x50,0xb8,0x05,0x00,0x00,0x00,
    0x50,0xa1,0x77,0x54,0x40,0x00,0x59,0x29,0xc8,0x50,0xb8,0x05,
    0x00,0x00,0x00,0x50,0xa1,0x73,0x54,0x40,0x00,0x59,0x29,0xc8,
    0x50,0xb8,0x64,0x00,0x00,0x00,0x50,0xe8,0x50,0x36,0x00,0x00,
    0x83,0xc4,0x18,0x89,0x45,0xec,0xe8,0x1e,0x3b,0x00,0x00,0xb8,
    0x01,0x00,0x00,0x00,0x89,0x45,0xe8,0xb8,0x08,0x00,0x00,0x00,
    0x89,0x45,0xe4,0xb8,0x01,0x00,0x00,0x00,0x50,0x8b,0x45,0xe8,
    0x59,0x39,0xc8,0x0f,0x94,0xc0,0x0f,0xb6,0xc0,0x85,0xc0,0x0f,
    0x84,0xfe,0x08,0x00,0x00,0xe8,0x5e,0x0d,0x00,0x00,0x89,0x45,
    0xe0,0xa1,0x73,0x54,0x40,0x00,0x89,0x45,0xdc,0xa1,0x77,0x54,
    0x40,0x00,0x89,0x45,0xd8,0xb8,0x00,0x00,0x00,0x00,0x89,0x45,
    0xd4,0xb8,0x77,0x00,0x00,0x00,0x50,0x8b,0x45,0xe0,0x59,0x39,
    0xc8,0x0f,0x94,0xc0,0x0f,0xb6,0xc0,0x85,0xc0,0x74,0x3c,0x8b,
    0x45,0xe4,0x50,0xa1,0x77,0x54,0x40,0x00,0x59,0x39,0xc8,0x0f,
    0x9f,0xc0,0x0f,0xb6,0xc0,0x85,0xc0,0x74,0x24,0x8b,0x45,0xe4,
    0x50,0xa1,0x77,0x54,0x40,0x00,0x59,0x29,0xc8,0x50,0x8d,0x05,
    0x77,0x54,0x40,0x00,0x59,0x89,0x08,0xb8,0x01,0x00,0x00,0x00,
    0x50,0x8d,0x45,0xd4,0x59,0x89,0x08,0xeb,0x00,0xeb,0x00,0xb8,
    0x73,0x00,0x00,0x00,0x50,0x8b,0x45,0xe0,0x59,0x39,0xc8,0x0f,
    0x94,0xc0,0x0f,0xb6,0xc0,0x85,0xc0,0x74,0x45,0x8b,0x45,0xe4,
    0x50,0xe8,0x04,0x21,0x00,0x00,0x59,0x29,0xc8,0x50,0xa1,0x77,
    0x54,0x40,0x00,0x59,0x39,0xc8,0x0f,0x9c,0xc0,0x0f,0xb6,0xc0,
    0x85,0xc0,0x74,0x24,0x8b,0x45,0xe4,0x50,0xa1,0x77,0x54,0x40,
    0x00,0x59,0x01,0xc8,0x50,0x8d,0x05,0x77,0x54,0x40,0x00,0x59,
    0x89,0x08,0xb8,0x01,0x00,0x00,0x00,0x50,0x8d,0x45,0xd4,0x59,
    0x89,0x08,0xeb,0x00,0xeb,0x00,0xb8,0x61,0x00,0x00,0x00,0x50,
    0x8b,0x45,0xe0,0x59,0x39,0xc8,0x0f,0x94,0xc0,0x0f,0xb6,0xc0,
    0x85,0xc0,0x74,0x3c,0x8b,0x45,0xe4,0x50,0xa1,0x73,0x54,0x40,
    0x00,0x59,0x39,0xc8,0x0f,0x9f,0xc0,0x0f,0xb6,0xc0,0x85,0xc0,
    0x74,0x24,0x8b,0x45,0xe4,0x50,0xa1,0x73,0x54,0x40,0x00,0x59,
    0x29,0xc8,0x50,0x8d,0x05,0x73,0x54,0x40,0x00,0x59,0x89,0x08,
    0xb8,0x01,0x00,0x00,0x00,0x50,0x8d,0x45,0xd4,0x59,0x89,0x08,
    0xeb,0x00,0xeb,0x00,0xb8,0x64,0x00,0x00,0x00,0x50,0x8b,0x45,
    0xe0,0x59,0x39,0xc8,0x0f,0x94,0xc0,0x0f,0xb6,0xc0,0x85,0xc0,
    0x74,0x45,0x8b,0x45,0xe4,0x50,0xe8,0x06,0x20,0x00,0x00,0x59,
    0x29,0xc8,0x50,0xa1,0x73,0x54,0x40,0x00,0x59,0x39,0xc8,0x0f,
    0x9c,0xc0,0x0f,0xb6,0xc0,0x85,0xc0,0x74,0x24,0x8b,0x45,0xe4,
    0x50,0xa1,0x73,0x54,0x40,0x00,0x59,0x01,0xc8,0x50,0x8d,0x05,
    0x73,0x54,0x40,0x00,0x59,0x89,0x08,0xb8,0x01,0x00,0x00,0x00,
    0x50,0x8d,0x45,0xd4,0x59,0x89,0x08,0xeb,0x00,0xeb,0x00,0xb8,
    0x01,0x00,0x00,0x00,0x50,0x8b,0x45,0xd4,0x59,0x39,0xc8,0x0f,
    0x94,0xc0,0x0f,0xb6,0xc0,0x85,0xc0,0x0f,0x84,0x1e,0x01,0x00,
    0x00,0xb8,0x05,0x00,0x00,0x00,0x50,0xa1,0x77,0x54,0x40,0x00,
    0x59,0x29,0xc8,0x50,0xb8,0x05,0x00,0x00,0x00,0x50,0xa1,0x73,
    0x54,0x40,0x00,0x59,0x29,0xc8,0x50,0x8b,0x45,0xec,0x50,0xe8,
    0x71,0x35,0x00,0x00,0x83,0xc4,0x0c,0x8b,0x45,0xdc,0x89,0x45,
    0xd0,0x8b,0x45,0xd0,0x50,0xa1,0x73,0x54,0x40,0x00,0x59,0x39,
    0xc8,0x0f,0x9c,0xc0,0x0f,0xb6,0xc0,0x85,0xc0,0x74,0x0e,0xa1,
    0x73,0x54,0x40,0x00,0x50,0x8d,0x45,0xd0,0x59,0x89,0x08,0xeb,
    0x00,0x8b,0x45,0xd8,0x89,0x45,0xcc,0x8b,0x45,0xcc,0x50,0xa1,
    0x77,0x54,0x40,0x00,0x59,0x39,0xc8,0x0f,0x9c,0xc0,0x0f,0xb6,
    0xc0,0x85,0xc0,0x74,0x0e,0xa1,0x77,0x54,0x40,0x00,0x50,0x8d,
    0x45,0xcc,0x59,0x89,0x08,0xeb,0x00,0x8b,0x45,0xdc,0x89,0x45,
    0xc8,0x8b,0x45,0xc8,0x50,0xa1,0x73,0x54,0x40,0x00,0x59,0x39,
    0xc8,0x0f,0x9f,0xc0,0x0f,0xb6,0xc0,0x85,0xc0,0x74,0x0e,0xa1,
    0x73,0x54,0x40,0x00,0x50,0x8d,0x45,0xc8,0x59,0x89,0x08,0xeb,
    0x00,0x8b,0x45,0xd8,0x89,0x45,0xc4,0x8b,0x45,0xc4,0x50,0xa1,
    0x77,0x54,0x40,0x00,0x59,0x39,0xc8,0x0f,0x9f,0xc0,0x0f,0xb6,
    0xc0,0x85,0xc0,0x74,0x0e,0xa1,0x77,0x54,0x40,0x00,0x50,0x8d,
    0x45,0xc4,0x59,0x89,0x08,0xeb,0x00,0xb8,0x0b,0x00,0x00,0x00,
    0x50,0x8b,0x45,0xcc,0x50,0x8b,0x45,0xc4,0x59,0x29,0xc8,0x59,
    0x01,0xc8,0x50,0xb8,0x0b,0x00,0x00,0x00,0x50,0x8b,0x45,0xd0,
    0x50,0x8b,0x45,0xc8,0x59,0x29,0xc8,0x59,0x01,0xc8,0x50,0xb8,
    0x05,0x00,0x00,0x00,0x50,0x8b,0x45,0xcc,0x59,0x29,0xc8,0x50,
    0xb8,0x05,0x00,0x00,0x00,0x50,0x8b,0x45,0xd0,0x59,0x29,0xc8,
    0x50,0xe8,0x08,0x37,0x00,0x00,0x83,0xc4,0x10,0xeb,0x00,0xa1,
    0x6f,0x54,0x40,0x00,0x89,0x45,0xc0,0xb8,0x01,0x00,0x00,0x00,
    0x50,0xb8,0x00,0x00,0x00,0x00,0x59,0x29,0xc8,0x50,0x8d,0x05,
    0x6f,0x54,0x40,0x00,0x59,0x89,0x08,0xb8,0x01,0x00,0x00,0x00,
    0x50,0xb8,0x0c,0x00,0x00,0x00,0x50,0xb8,0x0c,0x00,0x00,0x00,
    0x50,0xb8,0x04,0x00,0x00,0x00,0x50,0x8b,0x45,0xf8,0x59,0x01,
    0xc8,0x50,0xb8,0x06,0x00,0x00,0x00,0x50,0x8b,0x45,0xfc,0x59,
    0x01,0xc8,0x50,0xa1,0x77,0x54,0x40,0x00,0x50,0xa1,0x73,0x54,
    0x40,0x00,0x50,0xe8,0x96,0x29,0x00,0x00,0x83,0xc4,0x18,0x59,
    0x39,0xc8,0x0f,0x94,0xc0,0x0f,0xb6,0xc0,0x85,0xc0,0x74,0x1a,
    0xb8,0x02,0x00,0x00,0x00,0x50,0xb8,0x00,0x00,0x00,0x00,0x59,
    0x29,0xc8,0x50,0x8d,0x05,0x6f,0x54,0x40,0x00,0x59,0x89,0x08,
    0xeb,0x00,0xb8,0x01,0x00,0x00,0x00,0x50,0xb8,0x00,0x00,0x00,
    0x00,0x50,0xb8,0x00,0x00,0x00,0x00,0x50,0x8b,0x45,0xf8,0x50,
    0x8b,0x45,0xfc,0x50,0xa1,0x77,0x54,0x40,0x00,0x50,0xa1,0x73,
    0x54,0x40,0x00,0x50,0xe8,0x14,0x2e,0x00,0x00,0x83,0xc4,0x18,
    0x59,0x39,0xc8,0x0f,0x94,0xc0,0x0f,0xb6,0xc0,0x85,0xc0,0x74,
    0x11,0xb8,0x07,0x00,0x00,0x00,0x50,0x8d,0x05,0x6f,0x54,0x40,
    0x00,0x59,0x89,0x08,0xeb,0x00,0xb8,0x01,0x00,0x00,0x00,0x50,
    0xb8,0x00,0x00,0x00,0x00,0x50,0xb8,0x01,0x00,0x00,0x00,0x50,
    0x8b,0x45,0xf8,0x50,0x8b,0x45,0xfc,0x50,0xa1,0x77,0x54,0x40,
    0x00,0x50,0xa1,0x73,0x54,0x40,0x00,0x50,0xe8,0xc8,0x2d,0x00,
    0x00,0x83,0xc4,0x18,0x59,0x39,0xc8,0x0f,0x94,0xc0,0x0f,0xb6,
    0xc0,0x85,0xc0,0x74,0x11,0xb8,0x08,0x00,0x00,0x00,0x50,0x8d,
    0x05,0x6f,0x54,0x40,0x00,0x59,0x89,0x08,0xeb,0x00,0xb8,0x01,
    0x00,0x00,0x00,0x50,0xb8,0x00,0x00,0x00,0x00,0x50,0xb8,0x02,
    0x00,0x00,0x00,0x50,0x8b,0x45,0xf8,0x50,0x8b,0x45,0xfc,0x50,
    0xa1,0x77,0x54,0x40,0x00,0x50,0xa1,0x73,0x54,0x40,0x00,0x50,
    0xe8,0x7c,0x2d,0x00,0x00,0x83,0xc4,0x18,0x59,0x39,0xc8,0x0f,
    0x94,0xc0,0x0f,0xb6,0xc0,0x85,0xc0,0x74,0x11,0xb8,0x09,0x00,
    0x00,0x00,0x50,0x8d,0x05,0x6f,0x54,0x40,0x00,0x59,0x89,0x08,
    0xeb,0x00,0xb8,0x01,0x00,0x00,0x00,0x50,0xb8,0x00,0x00,0x00,
    0x00,0x50,0xb8,0x03,0x00,0x00,0x00,0x50,0x8b,0x45,0xf8,0x50,
    0x8b,0x45,0xfc,0x50,0xa1,0x77,0x54,0x40,0x00,0x50,0xa1,0x73,
    0x54,0x40,0x00,0x50,0xe8,0x30,0x2d,0x00,0x00,0x83,0xc4,0x18,
    0x59,0x39,0xc8,0x0f,0x94,0xc0,0x0f,0xb6,0xc0,0x85,0xc0,0x74,
    0x11,0xb8,0x0a,0x00,0x00,0x00,0x50,0x8d,0x05,0x6f,0x54,0x40,
    0x00,0x59,0x89,0x08,0xeb,0x00,0xb8,0x01,0x00,0x00,0x00,0x50,
    0xb8,0x01,0x00,0x00,0x00,0x50,0xb8,0x00,0x00,0x00,0x00,0x50,
    0x8b,0x45,0xf8,0x50,0x8b,0x45,0xfc,0x50,0xa1,0x77,0x54,0x40,
    0x00,0x50,0xa1,0x73,0x54,0x40,0x00,0x50,0xe8,0xe4,0x2c,0x00,
    0x00,0x83,0xc4,0x18,0x59,0x39,0xc8,0x0f,0x94,0xc0,0x0f,0xb6,
    0xc0,0x85,0xc0,0x74,0x11,0xb8,0x04,0x00,0x00,0x00,0x50,0x8d,
    0x05,0x6f,0x54,0x40,0x00,0x59,0x89,0x08,0xeb,0x00,0xb8,0x01,
    0x00,0x00,0x00,0x50,0xb8,0x01,0x00,0x00,0x00,0x50,0xb8,0x01,
    0x00,0x00,0x00,0x50,0x8b,0x45,0xf8,0x50,0x8b,0x45,0xfc,0x50,
    0xa1,0x77,0x54,0x40,0x00,0x50,0xa1,0x73,0x54,0x40,0x00,0x50,
    0xe8,0x98,0x2c,0x00,0x00,0x83,0xc4,0x18,0x59,0x39,0xc8,0x0f,
    0x94,0xc0,0x0f,0xb6,0xc0,0x85,0xc0,0x74,0x11,0xb8,0x05,0x00,
    0x00,0x00,0x50,0x8d,0x05,0x6f,0x54,0x40,0x00,0x59,0x89,0x08,
    0xeb,0x00,0xb8,0x01,0x00,0x00,0x00,0x50,0xb8,0x01,0x00,0x00,
    0x00,0x50,0xb8,0x02,0x00,0x00,0x00,0x50,0x8b,0x45,0xf8,0x50,
    0x8b,0x45,0xfc,0x50,0xa1,0x77,0x54,0x40,0x00,0x50,0xa1,0x73,
    0x54,0x40,0x00,0x50,0xe8,0x4c,0x2c,0x00,0x00,0x83,0xc4,0x18,
    0x59,0x39,0xc8,0x0f,0x94,0xc0,0x0f,0xb6,0xc0,0x85,0xc0,0x74,
    0x11,0xb8,0x06,0x00,0x00,0x00,0x50,0x8d,0x05,0x6f,0x54,0x40,
    0x00,0x59,0x89,0x08,0xeb,0x00,0xb8,0x01,0x00,0x00,0x00,0x50,
    0xb8,0x01,0x00,0x00,0x00,0x50,0xb8,0x03,0x00,0x00,0x00,0x50,
    0x8b,0x45,0xf8,0x50,0x8b,0x45,0xfc,0x50,0xa1,0x77,0x54,0x40,
    0x00,0x50,0xa1,0x73,0x54,0x40,0x00,0x50,0xe8,0x00,0x2c,0x00,
    0x00,0x83,0xc4,0x18,0x59,0x39,0xc8,0x0f,0x94,0xc0,0x0f,0xb6,
    0xc0,0x85,0xc0,0x74,0x11,0xb8,0x0b,0x00,0x00,0x00,0x50,0x8d,
    0x05,0x6f,0x54,0x40,0x00,0x59,0x89,0x08,0xeb,0x00,0xb8,0x01,
    0x00,0x00,0x00,0x50,0xb8,0x02,0x00,0x00,0x00,0x50,0xb8,0x00,
    0x00,0x00,0x00,0x50,0x8b,0x45,0xf8,0x50,0x8b,0x45,0xfc,0x50,
    0xa1,0x77,0x54,0x40,0x00,0x50,0xa1,0x73,0x54,0x40,0x00,0x50,
    0xe8,0xb4,0x2b,0x00,0x00,0x83,0xc4,0x18,0x59,0x39,0xc8,0x0f,
    0x94,0xc0,0x0f,0xb6,0xc0,0x85,0xc0,0x74,0x11,0xb8,0x01,0x00,
    0x00,0x00,0x50,0x8d,0x05,0x6f,0x54,0x40,0x00,0x59,0x89,0x08,
    0xeb,0x00,0xb8,0x01,0x00,0x00,0x00,0x50,0xb8,0x02,0x00,0x00,
    0x00,0x50,0xb8,0x01,0x00,0x00,0x00,0x50,0x8b,0x45,0xf8,0x50,
    0x8b,0x45,0xfc,0x50,0xa1,0x77,0x54,0x40,0x00,0x50,0xa1,0x73,
    0x54,0x40,0x00,0x50,0xe8,0x68,0x2b,0x00,0x00,0x83,0xc4,0x18,
    0x59,0x39,0xc8,0x0f,0x94,0xc0,0x0f,0xb6,0xc0,0x85,0xc0,0x74,
    0x11,0xb8,0x02,0x00,0x00,0x00,0x50,0x8d,0x05,0x6f,0x54,0x40,
    0x00,0x59,0x89,0x08,0xeb,0x00,0xb8,0x01,0x00,0x00,0x00,0x50,
    0xb8,0x02,0x00,0x00,0x00,0x50,0xb8,0x02,0x00,0x00,0x00,0x50,
    0x8b,0x45,0xf8,0x50,0x8b,0x45,0xfc,0x50,0xa1,0x77,0x54,0x40,
    0x00,0x50,0xa1,0x73,0x54,0x40,0x00,0x50,0xe8,0x1c,0x2b,0x00,
    0x00,0x83,0xc4,0x18,0x59,0x39,0xc8,0x0f,0x94,0xc0,0x0f,0xb6,
    0xc0,0x85,0xc0,0x74,0x11,0xb8,0x03,0x00,0x00,0x00,0x50,0x8d,
    0x05,0x6f,0x54,0x40,0x00,0x59,0x89,0x08,0xeb,0x00,0xb8,0x01,
    0x00,0x00,0x00,0x50,0xb8,0x02,0x00,0x00,0x00,0x50,0xb8,0x03,
    0x00,0x00,0x00,0x50,0x8b,0x45,0xf8,0x50,0x8b,0x45,0xfc,0x50,
    0xa1,0x77,0x54,0x40,0x00,0x50,0xa1,0x73,0x54,0x40,0x00,0x50,
    0xe8,0xd0,0x2a,0x00,0x00,0x83,0xc4,0x18,0x59,0x39,0xc8,0x0f,
    0x94,0xc0,0x0f,0xb6,0xc0,0x85,0xc0,0x74,0x11,0xb8,0x0c,0x00,
    0x00,0x00,0x50,0x8d,0x05,0x6f,0x54,0x40,0x00,0x59,0x89,0x08,
    0xeb,0x00,0xb8,0x01,0x00,0x00,0x00,0x50,0xb8,0x03,0x00,0x00,
    0x00,0x50,0xb8,0x00,0x00,0x00,0x00,0x50,0x8b,0x45,0xf8,0x50,
    0x8b,0x45,0xfc,0x50,0xa1,0x77,0x54,0x40,0x00,0x50,0xa1,0x73,
    0x54,0x40,0x00,0x50,0xe8,0x84,0x2a,0x00,0x00,0x83,0xc4,0x18,
    0x59,0x39,0xc8,0x0f,0x94,0xc0,0x0f,0xb6,0xc0,0x85,0xc0,0x74,
    0x11,0xb8,0x0d,0x00,0x00,0x00,0x50,0x8d,0x05,0x6f,0x54,0x40,
    0x00,0x59,0x89,0x08,0xeb,0x00,0xb8,0x01,0x00,0x00,0x00,0x50,
    0xb8,0x03,0x00,0x00,0x00,0x50,0xb8,0x01,0x00,0x00,0x00,0x50,
    0x8b,0x45,0xf8,0x50,0x8b,0x45,0xfc,0x50,0xa1,0x77,0x54,0x40,
    0x00,0x50,0xa1,0x73,0x54,0x40,0x00,0x50,0xe8,0x38,0x2a,0x00,
    0x00,0x83,0xc4,0x18,0x59,0x39,0xc8,0x0f,0x94,0xc0,0x0f,0xb6,
    0xc0,0x85,0xc0,0x74,0x11,0xb8,0x00,0x00,0x00,0x00,0x50,0x8d,
    0x05,0x6f,0x54,0x40,0x00,0x59,0x89,0x08,0xeb,0x00,0x8b,0x45,
    0xc0,0x50,0xa1,0x6f,0x54,0x40,0x00,0x59,0x39,0xc8,0x0f,0x95,
    0xc0,0x0f,0xb6,0xc0,0x85,0xc0,0x74,0x1e,0xb8,0xd8,0x00,0x00,
    0x00,0x50,0xb8,0xa2,0x00,0x00,0x00,0x50,0x8b,0x45,0xf8,0x50,
    0x8b,0x45,0xfc,0x50,0xe8,0x25,0x32,0x00,0x00,0x83,0xc4,0x10,
    0xeb,0x00,0xb8,0x0a,0x00,0x00,0x00,0x50,0x8b,0x45,0xe0,0x59,
    0x39,0xc8,0x0f,0x94,0xc0,0x0f,0xb6,0xc0,0x85,0xc0,0x0f,0x84,
    0x26,0x01,0x00,0x00,0xb8,0x02,0x00,0x00,0x00,0x50,0xb8,0x00,
    0x00,0x00,0x00,0x59,0x29,0xc8,0x50,0xa1,0x6f,0x54,0x40,0x00,
    0x59,0x39,0xc8,0x0f,0x94,0xc0,0x0f,0xb6,0xc0,0x85,0xc0,0x74,
    0x0e,0xb8,0x00,0x00,0x00,0x00,0x50,0x8d,0x45,0xe8,0x59,0x89,
    0x08,0xeb,0x00,0xb8,0x00,0x00,0x00,0x00,0x50,0xa1,0x6f,0x54,
    0x40,0x00,0x59,0x39,0xc8,0x0f,0x9d,0xc0,0x0f,0xb6,0xc0,0x85,
    0xc0,0x74,0x2a,0xb8,0x09,0x00,0x00,0x00,0x50,0xa1,0x6f,0x54,
    0x40,0x00,0x59,0x39,0xc8,0x0f,0x9e,0xc0,0x0f,0xb6,0xc0,0x85,
    0xc0,0x74,0x10,0xa1,0x6f,0x54,0x40,0x00,0x50,0xe8,0xbd,0x26,
    0x00,0x00,0x83,0xc4,0x04,0xeb,0x00,0xeb,0x00,0xb8,0x0a,0x00,
    0x00,0x00,0x50,0xa1,0x6f,0x54,0x40,0x00,0x59,0x39,0xc8,0x0f,
    0x94,0xc0,0x0f,0xb6,0xc0,0x85,0xc0,0x74,0x10,0xb8,0x01,0x00,
    0x00,0x00,0x50,0xe8,0x8f,0x27,0x00,0x00,0x83,0xc4,0x04,0xeb,
    0x00,0xb8,0x0b,0x00,0x00,0x00,0x50,0xa1,0x6f,0x54,0x40,0x00,
    0x59,0x39,0xc8,0x0f,0x94,0xc0,0x0f,0xb6,0xc0,0x85,0xc0,0x74,
    0x10,0xb8,0x02,0x00,0x00,0x00,0x50,0xe8,0x67,0x27,0x00,0x00,
    0x83,0xc4,0x04,0xeb,0x00,0xb8,0x0c,0x00,0x00,0x00,0x50,0xa1,
    0x6f,0x54,0x40,0x00,0x59,0x39,0xc8,0x0f,0x94,0xc0,0x0f,0xb6,
    0xc0,0x85,0xc0,0x74,0x10,0xb8,0x00,0x00,0x00,0x00,0x50,0xe8,
    0x3f,0x27,0x00,0x00,0x83,0xc4,0x04,0xeb,0x00,0xb8,0x0d,0x00,
    0x00,0x00,0x50,0xa1,0x6f,0x54,0x40,0x00,0x59,0x39,0xc8,0x0f,
    0x94,0xc0,0x0f,0xb6,0xc0,0x85,0xc0,0x74,0x07,0xe8,0xe1,0x27,
    0x00,0x00,0xeb,0x00,0xb8,0xd8,0x00,0x00,0x00,0x50,0xb8,0xa2,
    0x00,0x00,0x00,0x50,0x8b,0x45,0xf8,0x50,0x8b,0x45,0xfc,0x50,
    0xe8,0xe5,0x30,0x00,0x00,0x83,0xc4,0x10,0xeb,0x00,0xb8,0x1b,
    0x00,0x00,0x00,0x50,0x8b,0x45,0xe0,0x59,0x39,0xc8,0x0f,0x94,
    0xc0,0x0f,0xb6,0xc0,0x85,0xc0,0x74,0x0e,0xb8,0x00,0x00,0x00,
    0x00,0x50,0x8d,0x45,0xe8,0x59,0x89,0x08,0xeb,0x00,0xe9,0xe8,
    0xf6,0xff,0xff,0xb8,0x00,0x00,0x00,0x00,0x50,0xe8,0x51,0x15,
    0x00,0x00,0x83,0xc4,0x04,0x89,0xec,0x5d,0xc3,0x55,0x89,0xe5,
    0x83,0xec,0x04,0xb8,0x00,0x00,0x00,0x00,0x89,0x45,0xfc,0xb8,
    0x00,0x00,0x00,0x00,0x50,0x8b,0x45,0x08,0x50,0x8b,0x45,0xfc,
    0x59,0x01,0xc8,0x0f,0xb6,0x00,0x59,0x39,0xc8,0x0f,0x95,0xc0,
    0x0f,0xb6,0xc0,0x85,0xc0,0x74,0x5f,0xb8,0x20,0x00,0x00,0x00,
    0x50,0x8b,0x45,0x08,0x50,0x8b,0x45,0xfc,0x59,0x01,0xc8,0x0f,
    0xb6,0x00,0x59,0x39,0xc8,0x0f,0x94,0xc0,0x0f,0xb6,0xc0,0x85,
    0xc0,0x74,0x2a,0xb8,0x00,0x00,0x00,0x00,0x50,0x8b,0x45,0x08,
    0x50,0x8b,0x45,0xfc,0x59,0x01,0xc8,0x59,0x88,0x08,0x8b,0x45,
    0x08,0x50,0xb8,0x01,0x00,0x00,0x00,0x50,0x8b,0x45,0xfc,0x59,
    0x01,0xc8,0x59,0x01,0xc8,0xeb,0x23,0xeb,0x00,0xb8,0x01,0x00,
    0x00,0x00,0x50,0x8b,0x45,0xfc,0x59,0x01,0xc8,0x50,0x8d,0x45,
    0xfc,0x59,0x89,0x08,0xeb,0x81,0x8b,0x45,0x08,0x50,0x8b,0x45,
    0xfc,0x59,0x01,0xc8,0xeb,0x00,0x89,0xec,0x5d,0xc3,0x55,0x89,
    0xe5,0x81,0xec,0x8c,0x00,0x00,0x00,0xb8,0xcc,0x52,0x40,0x00,
    0x50,0xb8,0x22,0x04,0x40,0x00,0x50,0xb8,0xda,0x52,0x40,0x00,
    0x50,0xe8,0x12,0xe9,0xff,0xff,0x83,0xc4,0x0c,0xb8,0xdf,0x52,
    0x40,0x00,0x50,0xb8,0x06,0x05,0x40,0x00,0x50,0xb8,0xfb,0x50,
    0x40,0x00,0x50,0xe8,0xf8,0xe8,0xff,0xff,0x83,0xc4,0x0c,0xb8,
    0xfa,0x52,0x40,0x00,0x50,0xb8,0x1e,0x05,0x40,0x00,0x50,0xb8,
    0x0e,0x53,0x40,0x00,0x50,0xe8,0xde,0xe8,0xff,0xff,0x83,0xc4,
    0x0c,0xb8,0x12,0x53,0x40,0x00,0x50,0xb8,0x62,0x05,0x40,0x00,
    0x50,0xb8,0x26,0x53,0x40,0x00,0x50,0xe8,0xc4,0xe8,0xff,0xff,
    0x83,0xc4,0x0c,0xb8,0x2a,0x53,0x40,0x00,0x50,0xb8,0x1c,0x06,
    0x40,0x00,0x50,0xb8,0x3e,0x53,0x40,0x00,0x50,0xe8,0xaa,0xe8,
    0xff,0xff,0x83,0xc4,0x0c,0xb8,0x42,0x53,0x40,0x00,0x50,0xb8,
    0x7d,0x07,0x40,0x00,0x50,0xb8,0x53,0x53,0x40,0x00,0x50,0xe8,
    0x90,0xe8,0xff,0xff,0x83,0xc4,0x0c,0xb8,0x58,0x53,0x40,0x00,
    0x50,0xb8,0x6d,0x08,0x40,0x00,0x50,0xb8,0x70,0x53,0x40,0x00,
    0x50,0xe8,0x76,0xe8,0xff,0xff,0x83,0xc4,0x0c,0xb8,0x74,0x53,
    0x40,0x00,0x50,0xb8,0x87,0x0f,0x40,0x00,0x50,0xb8,0x88,0x53,
    0x40,0x00,0x50,0xe8,0x5c,0xe8,0xff,0xff,0x83,0xc4,0x0c,0xb8,
    0x90,0x53,0x40,0x00,0x50,0xb8,0xca,0x09,0x40,0x00,0x50,0xb8,
    0x98,0x53,0x40,0x00,0x50,0xe8,0x42,0xe8,0xff,0xff,0x83,0xc4,
    0x0c,0xb8,0x9c,0x53,0x40,0x00,0x50,0xb8,0x38,0x0c,0x40,0x00,
    0x50,0xb8,0xb5,0x53,0x40,0x00,0x50,0xe8,0x28,0xe8,0xff,0xff,
    0x83,0xc4,0x0c,0xb8,0xbe,0x53,0x40,0x00,0x50,0xb8,0x78,0x0d,
    0x40,0x00,0x50,0xb8,0xd7,0x53,0x40,0x00,0x50,0xe8,0x0e,0xe8,
    0xff,0xff,0x83,0xc4,0x0c,0xb8,0xdd,0x53,0x40,0x00,0x50,0xb8,
    0xe4,0x0d,0x40,0x00,0x50,0xb8,0xee,0x53,0x40,0x00,0x50,0xe8,
    0xf4,0xe7,0xff,0xff,0x83,0xc4,0x0c,0xb8,0xf3,0x53,0x40,0x00,
    0x50,0xb8,0xfb,0x09,0x40,0x00,0x50,0xb8,0x07,0x54,0x40,0x00,
    0x50,0xe8,0xda,0xe7,0xff,0xff,0x83,0xc4,0x0c,0xb8,0x0e,0x54,
    0x40,0x00,0x50,0xb8,0x5f,0x0f,0x40,0x00,0x50,0xb8,0x1c,0x54,
    0x40,0x00,0x50,0xe8,0xc0,0xe7,0xff,0xff,0x83,0xc4,0x0c,0xb8,
    0x25,0x54,0x40,0x00,0x50,0xe8,0xa4,0x01,0x00,0x00,0x83,0xc4,
    0x04,0xb8,0x01,0x00,0x00,0x00,0x50,0xb8,0x01,0x00,0x00,0x00,
    0x59,0x39,0xc8,0x0f,0x94,0xc0,0x0f,0xb6,0xc0,0x85,0xc0,0x0f,
    0x84,0x81,0x01,0x00,0x00,0xb8,0x3e,0x54,0x40,0x00,0x50,0xe8,
    0x7a,0x01,0x00,0x00,0x83,0xc4,0x04,0xb8,0x80,0x00,0x00,0x00,
    0x50,0x8d,0x45,0x80,0x50,0xb8,0x00,0x00,0x00,0x00,0x59,0x01,
    0xc8,0x50,0xe8,0x0d,0x02,0x00,0x00,0x83,0xc4,0x08,0x8d,0x45,
    0x80,0x50,0xb8,0x00,0x00,0x00,0x00,0x59,0x01,0xc8,0x50,0xe8,
    0x89,0xfd,0xff,0xff,0x83,0xc4,0x04,0x89,0x85,0x7c,0xff,0xff,
    0xff,0xb8,0x00,0x00,0x00,0x00,0x50,0x8d,0x45,0x80,0x50,0xb8,
    0x00,0x00,0x00,0x00,0x59,0x01,0xc8,0x0f,0xb6,0x00,0x59,0x39,
    0xc8,0x0f,0x94,0xc0,0x0f,0xb6,0xc0,0x85,0xc0,0x74,0x07,0xe9,
    0x79,0xff,0xff,0xff,0xeb,0x00,0xb8,0x00,0x00,0x00,0x00,0x89,
    0x85,0x78,0xff,0xff,0xff,0xb8,0x00,0x00,0x00,0x00,0x89,0x85,
    0x74,0xff,0xff,0xff,0xa1,0xc0,0x50,0x40,0x00,0x50,0x8b,0x85,
    0x78,0xff,0xff,0xff,0x59,0x39,0xc8,0x0f,0x9c,0xc0,0x0f,0xb6,
    0xc0,0x85,0xc0,0x0f,0x84,0x90,0x00,0x00,0x00,0xb8,0x01,0x00,
    0x00,0x00,0x50,0x8d,0x05,0x00,0x50,0x40,0x00,0x50,0x8b,0x85,
    0x78,0xff,0xff,0xff,0x6b,0xc0,0x04,0x59,0x01,0xc8,0x8b,0x00,
    0x50,0x8d,0x45,0x80,0x50,0xb8,0x00,0x00,0x00,0x00,0x59,0x01,
    0xc8,0x50,0xe8,0xf2,0x03,0x00,0x00,0x83,0xc4,0x08,0x59,0x39,
    0xc8,0x0f,0x94,0xc0,0x0f,0xb6,0xc0,0x85,0xc0,0x74,0x34,0x8b,
    0x85,0x7c,0xff,0xff,0xff,0x50,0x8d,0x05,0x40,0x50,0x40,0x00,
    0x50,0x8b,0x85,0x78,0xff,0xff,0xff,0x6b,0xc0,0x04,0x59,0x01,
    0xc8,0x8b,0x00,0xff,0xd0,0x83,0xc4,0x04,0xb8,0x01,0x00,0x00,
    0x00,0x50,0x8d,0x85,0x74,0xff,0xff,0xff,0x59,0x89,0x08,0xeb,
    0x20,0xeb,0x00,0xb8,0x01,0x00,0x00,0x00,0x50,0x8b,0x85,0x78,
    0xff,0xff,0xff,0x59,0x01,0xc8,0x50,0x8d,0x85,0x78,0xff,0xff,
    0xff,0x59,0x89,0x08,0xe9,0x53,0xff,0xff,0xff,0xb8,0x00,0x00,
    0x00,0x00,0x50,0x8b,0x85,0x74,0xff,0xff,0xff,0x59,0x39,0xc8,
    0x0f,0x94,0xc0,0x0f,0xb6,0xc0,0x85,0xc0,0x74,0x33,0xb8,0x44,
    0x54,0x40,0x00,0x50,0xe8,0x31,0x00,0x00,0x00,0x83,0xc4,0x04,
    0x8d,0x45,0x80,0x50,0xb8,0x00,0x00,0x00,0x00,0x59,0x01,0xc8,
    0x50,0xe8,0x1c,0x00,0x00,0x00,0x83,0xc4,0x04,0xb8,0x56,0x54,
    0x40,0x00,0x50,0xe8,0x0e,0x00,0x00,0x00,0x83,0xc4,0x04,0xeb,
    0x00,0xe9,0x63,0xfe,0xff,0xff,0x89,0xec,0x5d,0xc3,0x55,0x89,
    0xe5,0xb8,0x00,0x00,0x00,0x00,0x50,0x8b,0x45,0x08,0x50,0xe8,
    0x2e,0xe3,0xff,0xff,0x83,0xc4,0x08,0x89,0xec,0x5d,0xc3,0x55,
    0x89,0xe5,0x8b,0x45,0x0c,0x50,0x8b,0x45,0x08,0x50,0xe8,0x17,
    0xe3,0xff,0xff,0x83,0xc4,0x08,0x89,0xec,0x5d,0xc3,0x55,0x89,
    0xe5,0x83,0xec,0x04,0x8b,0x45,0x08,0x50,0x8d,0x45,0xfc,0x50,
    0xb8,0x00,0x00,0x00,0x00,0x59,0x01,0xc8,0x59,0x88,0x08,0xb8,
    0x00,0x00,0x00,0x00,0x50,0x8d,0x45,0xfc,0x50,0xb8,0x01,0x00,
    0x00,0x00,0x59,0x01,0xc8,0x59,0x88,0x08,0xb8,0x01,0x00,0x00,
    0x00,0x50,0x8d,0x45,0xfc,0x50,0xb8,0x00,0x00,0x00,0x00,0x59,
    0x01,0xc8,0x50,0xe8,0xca,0xe2,0xff,0xff,0x83,0xc4,0x08,0x89,
    0xec,0x5d,0xc3,0x55,0x89,0xe5,0xb8,0x66,0x54,0x40,0x00,0x50,
    0xe8,0x75,0xff,0xff,0xff,0x83,0xc4,0x04,0x89,0xec,0x5d,0xc3,
    0x55,0x89,0xe5,0xe8,0xd7,0xe2,0xff,0xff,0xeb,0x00,0x89,0xec,
    0x5d,0xc3,0x55,0x89,0xe5,0xe8,0xfe,0xe2,0xff,0xff,0xeb,0x00,
    0x89,0xec,0x5d,0xc3,0x55,0x89,0xe5,0x83,0xec,0x08,0xb8,0x00,
    0x00,0x00,0x00,0x89,0x45,0xfc,0xb8,0x01,0x00,0x00,0x00,0x50,
    0xb8,0x01,0x00,0x00,0x00,0x59,0x39,0xc8,0x0f,0x94,0xc0,0x0f,
    0xb6,0xc0,0x85,0xc0,0x0f,0x84,0xd4,0x00,0x00,0x00,0x8b,0x45,
    0x0c,0x50,0xb8,0x01,0x00,0x00,0x00,0x50,0x8b,0x45,0xfc,0x59,
    0x01,0xc8,0x59,0x39,0xc8,0x0f,0x9d,0xc0,0x0f,0xb6,0xc0,0x85,
    0xc0,0x74,0x07,0xe9,0xb2,0x00,0x00,0x00,0xeb,0x00,0xe8,0x91,
    0xff,0xff,0xff,0x89,0x45,0xf8,0xb8,0x0a,0x00,0x00,0x00,0x50,
    0x8b,0x45,0xf8,0x59,0x39,0xc8,0x0f,0x94,0xc0,0x0f,0xb6,0xc0,
    0x85,0xc0,0x74,0x07,0xe9,0x8d,0x00,0x00,0x00,0xeb,0x00,0xb8,
    0x08,0x00,0x00,0x00,0x50,0x8b,0x45,0xf8,0x59,0x39,0xc8,0x0f,
    0x94,0xc0,0x0f,0xb6,0xc0,0x85,0xc0,0x74,0x40,0xb8,0x00,0x00,
    0x00,0x00,0x50,0x8b,0x45,0xfc,0x59,0x39,0xc8,0x0f,0x9f,0xc0,
    0x0f,0xb6,0xc0,0x85,0xc0,0x74,0x23,0xb8,0x01,0x00,0x00,0x00,
    0x50,0x8b,0x45,0xfc,0x59,0x29,0xc8,0x50,0x8d,0x45,0xfc,0x59,
    0x89,0x08,0xb8,0x68,0x54,0x40,0x00,0x50,0xe8,0x95,0xfe,0xff,
    0xff,0x83,0xc4,0x04,0xeb,0x00,0xe9,0x47,0xff,0xff,0xff,0xeb,
    0x00,0x8b,0x45,0xf8,0x50,0x8b,0x45,0x08,0x50,0x8b,0x45,0xfc,
    0x59,0x01,0xc8,0x59,0x88,0x08,0xb8,0x01,0x00,0x00,0x00,0x50,
    0x8b,0x45,0xfc,0x59,0x01,0xc8,0x50,0x8d,0x45,0xfc,0x59,0x89,
    0x08,0x8b,0x45,0xf8,0x50,0xe8,0x8c,0xfe,0xff,0xff,0x83,0xc4,
    0x04,0xe9,0x10,0xff,0xff,0xff,0xb8,0x00,0x00,0x00,0x00,0x50,
    0x8b,0x45,0x08,0x50,0x8b,0x45,0xfc,0x59,0x01,0xc8,0x59,0x88,
    0x08,0xe8,0xb9,0xfe,0xff,0xff,0x8b,0x45,0xfc,0xeb,0x00,0x89,
    0xec,0x5d,0xc3,0x55,0x89,0xe5,0x83,0xec,0x08,0xb8,0x00,0x00,
    0x00,0x00,0x89,0x45,0xfc,0xb8,0x01,0x00,0x00,0x00,0x50,0xb8,
    0x01,0x00,0x00,0x00,0x59,0x39,0xc8,0x0f,0x94,0xc0,0x0f,0xb6,
    0xc0,0x85,0xc0,0x0f,0x84,0xb7,0x00,0x00,0x00,0x8b,0x45,0x0c,
    0x50,0xb8,0x01,0x00,0x00,0x00,0x50,0x8b,0x45,0xfc,0x59,0x01,
    0xc8,0x59,0x39,0xc8,0x0f,0x9d,0xc0,0x0f,0xb6,0xc0,0x85,0xc0,
    0x74,0x07,0xe9,0x95,0x00,0x00,0x00,0xeb,0x00,0xe8,0x72,0xfe,
    0xff,0xff,0x89,0x45,0xf8,0xb8,0x0a,0x00,0x00,0x00,0x50,0x8b,
    0x45,0xf8,0x59,0x39,0xc8,0x0f,0x94,0xc0,0x0f,0xb6,0xc0,0x85,
    0xc0,0x74,0x04,0xeb,0x73,0xeb,0x00,0xb8,0x08,0x00,0x00,0x00,
    0x50,0x8b,0x45,0xf8,0x59,0x39,0xc8,0x0f,0x94,0xc0,0x0f,0xb6,
    0xc0,0x85,0xc0,0x74,0x32,0xb8,0x00,0x00,0x00,0x00,0x50,0x8b,
    0x45,0xfc,0x59,0x39,0xc8,0x0f,0x9f,0xc0,0x0f,0xb6,0xc0,0x85,
    0xc0,0x74,0x15,0xb8,0x01,0x00,0x00,0x00,0x50,0x8b,0x45,0xfc,
    0x59,0x29,0xc8,0x50,0x8d,0x45,0xfc,0x59,0x89,0x08,0xeb,0x00,
    0xe9,0x58,0xff,0xff,0xff,0xeb,0x00,0x8b,0x45,0xf8,0x50,0x8b,
    0x45,0x08,0x50,0x8b,0x45,0xfc,0x59,0x01,0xc8,0x59,0x88,0x08,
    0xb8,0x01,0x00,0x00,0x00,0x50,0x8b,0x45,0xfc,0x59,0x01,0xc8,
    0x50,0x8d,0x45,0xfc,0x59,0x89,0x08,0xe9,0x2d,0xff,0xff,0xff,
    0xb8,0x00,0x00,0x00,0x00,0x50,0x8b,0x45,0x08,0x50,0x8b,0x45,
    0xfc,0x59,0x01,0xc8,0x59,0x88,0x08,0x8b,0x45,0xfc,0xeb,0x00,
    0x89,0xec,0x5d,0xc3,0x55,0x89,0xe5,0x8b,0x45,0x08,0x50,0xe8,
    0x2a,0xfd,0xff,0xff,0x83,0xc4,0x04,0x8b,0x45,0x10,0x50,0x8b,
    0x45,0x0c,0x50,0xe8,0xc8,0xfd,0xff,0xff,0x83,0xc4,0x08,0xeb,
    0x00,0x89,0xec,0x5d,0xc3,0x55,0x89,0xe5,0x83,0xec,0x04,0xb8,
    0x00,0x00,0x00,0x00,0x89,0x45,0xfc,0xb8,0x00,0x00,0x00,0x00,
    0x50,0x8b,0x45,0x08,0x50,0x8b,0x45,0xfc,0x59,0x01,0xc8,0x0f,
    0xb6,0x00,0x59,0x39,0xc8,0x0f,0x95,0xc0,0x0f,0xb6,0xc0,0x85,
    0xc0,0x74,0x15,0xb8,0x01,0x00,0x00,0x00,0x50,0x8b,0x45,0xfc,
    0x59,0x01,0xc8,0x50,0x8d,0x45,0xfc,0x59,0x89,0x08,0xeb,0xcb,
    0x8b,0x45,0xfc,0xeb,0x00,0x89,0xec,0x5d,0xc3,0x55,0x89,0xe5,
    0x83,0xec,0x04,0xb8,0x00,0x00,0x00,0x00,0x89,0x45,0xfc,0xb8,
    0x00,0x00,0x00,0x00,0x50,0x8b,0x45,0x08,0x50,0x8b,0x45,0xfc,
    0x59,0x01,0xc8,0x0f,0xb6,0x00,0x59,0x39,0xc8,0x0f,0x95,0xc0,
    0x0f,0xb6,0xc0,0x85,0xc0,0x74,0x46,0x8b,0x45,0x0c,0x50,0x8b,
    0x45,0xfc,0x59,0x01,0xc8,0x0f,0xb6,0x00,0x50,0x8b,0x45,0x08,
    0x50,0x8b,0x45,0xfc,0x59,0x01,0xc8,0x0f,0xb6,0x00,0x59,0x39,
    0xc8,0x0f,0x95,0xc0,0x0f,0xb6,0xc0,0x85,0xc0,0x74,0x09,0xb8,
    0x00,0x00,0x00,0x00,0xeb,0x47,0xeb,0x00,0xb8,0x01,0x00,0x00,
    0x00,0x50,0x8b,0x45,0xfc,0x59,0x01,0xc8,0x50,0x8d,0x45,0xfc,
    0x59,0x89,0x08,0xeb,0x9a,0xb8,0x00,0x00,0x00,0x00,0x50,0x8b,
    0x45,0x0c,0x50,0x8b,0x45,0xfc,0x59,0x01,0xc8,0x0f,0xb6,0x00,
    0x59,0x39,0xc8,0x0f,0x95,0xc0,0x0f,0xb6,0xc0,0x85,0xc0,0x74,
    0x09,0xb8,0x00,0x00,0x00,0x00,0xeb,0x09,0xeb,0x00,0xb8,0x01,
    0x00,0x00,0x00,0xeb,0x00,0x89,0xec,0x5d,0xc3,0x55,0x89,0xe5,
    0x83,0xec,0x04,0xb8,0x00,0x00,0x00,0x00,0x89,0x45,0xfc,0xb8,
    0x00,0x00,0x00,0x00,0x50,0x8b,0x45,0x0c,0x50,0x8b,0x45,0xfc,
    0x59,0x01,0xc8,0x0f,0xb6,0x00,0x59,0x39,0xc8,0x0f,0x95,0xc0,
    0x0f,0xb6,0xc0,0x85,0xc0,0x74,0x46,0x8b,0x45,0x0c,0x50,0x8b,
    0x45,0xfc,0x59,0x01,0xc8,0x0f,0xb6,0x00,0x50,0x8b,0x45,0x08,
    0x50,0x8b,0x45,0xfc,0x59,0x01,0xc8,0x0f,0xb6,0x00,0x59,0x39,
    0xc8,0x0f,0x95,0xc0,0x0f,0xb6,0xc0,0x85,0xc0,0x74,0x09,0xb8,
    0x00,0x00,0x00,0x00,0xeb,0x1e,0xeb,0x00,0xb8,0x01,0x00,0x00,
    0x00,0x50,0x8b,0x45,0xfc,0x59,0x01,0xc8,0x50,0x8d,0x45,0xfc,
    0x59,0x89,0x08,0xeb,0x9a,0xb8,0x01,0x00,0x00,0x00,0xeb,0x00,
    0x89,0xec,0x5d,0xc3,0x55,0x89,0xe5,0x83,0xec,0x04,0xb8,0x00,
    0x00,0x00,0x00,0x89,0x45,0xfc,0xb8,0x00,0x00,0x00,0x00,0x50,
    0x8b,0x45,0x0c,0x50,0x8b,0x45,0xfc,0x59,0x01,0xc8,0x0f,0xb6,
    0x00,0x59,0x39,0xc8,0x0f,0x95,0xc0,0x0f,0xb6,0xc0,0x85,0xc0,
    0x74,0x51,0x8b,0x45,0x10,0x50,0xb8,0x01,0x00,0x00,0x00,0x50,
    0x8b,0x45,0xfc,0x59,0x01,0xc8,0x59,0x39,0xc8,0x0f,0x9d,0xc0,
    0x0f,0xb6,0xc0,0x85,0xc0,0x74,0x04,0xeb,0x32,0xeb,0x00,0x8b,
    0x45,0x0c,0x50,0x8b,0x45,0xfc,0x59,0x01,0xc8,0x0f,0xb6,0x00,
    0x50,0x8b,0x45,0x08,0x50,0x8b,0x45,0xfc,0x59,0x01,0xc8,0x59,
    0x88,0x08,0xb8,0x01,0x00,0x00,0x00,0x50,0x8b,0x45,0xfc,0x59,
    0x01,0xc8,0x50,0x8d,0x45,0xfc,0x59,0x89,0x08,0xeb,0x8f,0xb8,
    0x00,0x00,0x00,0x00,0x50,0x8b,0x45,0x08,0x50,0x8b,0x45,0xfc,
    0x59,0x01,0xc8,0x59,0x88,0x08,0x8b,0x45,0xfc,0xeb,0x00,0x89,
    0xec,0x5d,0xc3,0x55,0x89,0xe5,0x83,0xec,0x04,0xb8,0x00,0x00,
    0x00,0x00,0x89,0x45,0xfc,0xb8,0x00,0x00,0x00,0x00,0x50,0x8b,
    0x45,0x08,0x50,0x8b,0x45,0xfc,0x59,0x01,0xc8,0x0f,0xb6,0x00,
    0x59,0x39,0xc8,0x0f,0x95,0xc0,0x0f,0xb6,0xc0,0x85,0xc0,0x74,
    0x3a,0x8b,0x45,0x0c,0x50,0x8b,0x45,0x08,0x50,0x8b,0x45,0xfc,
    0x59,0x01,0xc8,0x0f,0xb6,0x00,0x59,0x39,0xc8,0x0f,0x94,0xc0,
    0x0f,0xb6,0xc0,0x85,0xc0,0x74,0x07,0x8b,0x45,0xfc,0xeb,0x27,
    0xeb,0x00,0xb8,0x01,0x00,0x00,0x00,0x50,0x8b,0x45,0xfc,0x59,
    0x01,0xc8,0x50,0x8d,0x45,0xfc,0x59,0x89,0x08,0xeb,0xa6,0xb8,
    0x01,0x00,0x00,0x00,0x50,0xb8,0x00,0x00,0x00,0x00,0x59,0x29,
    0xc8,0xeb,0x00,0x89,0xec,0x5d,0xc3,0x55,0x89,0xe5,0x83,0xec,
    0x04,0xb8,0x00,0x00,0x00,0x00,0x89,0x45,0xfc,0x8b,0x45,0x10,
    0x50,0x8b,0x45,0xfc,0x59,0x39,0xc8,0x0f,0x9c,0xc0,0x0f,0xb6,
    0xc0,0x85,0xc0,0x74,0x72,0x8b,0x45,0x0c,0x50,0x8b,0x45,0xfc,
    0x59,0x01,0xc8,0x0f,0xb6,0x00,0x50,0x8b,0x45,0x08,0x50,0x8b,
    0x45,0xfc,0x59,0x01,0xc8,0x0f,0xb6,0x00,0x59,0x39,0xc8,0x0f,
    0x95,0xc0,0x0f,0xb6,0xc0,0x85,0xc0,0x74,0x09,0xb8,0x00,0x00,
    0x00,0x00,0xeb,0x4a,0xeb,0x00,0xb8,0x00,0x00,0x00,0x00,0x50,
    0x8b,0x45,0x08,0x50,0x8b,0x45,0xfc,0x59,0x01,0xc8,0x0f,0xb6,
    0x00,0x59,0x39,0xc8,0x0f,0x94,0xc0,0x0f,0xb6,0xc0,0x85,0xc0,
    0x74,0x09,0xb8,0x01,0x00,0x00,0x00,0xeb,0x21,0xeb,0x00,0xb8,
    0x01,0x00,0x00,0x00,0x50,0x8b,0x45,0xfc,0x59,0x01,0xc8,0x50,
    0x8d,0x45,0xfc,0x59,0x89,0x08,0xe9,0x7a,0xff,0xff,0xff,0xb8,
    0x01,0x00,0x00,0x00,0xeb,0x00,0x89,0xec,0x5d,0xc3,0x55,0x89,
    0xe5,0x83,0xec,0x04,0xb8,0x00,0x00,0x00,0x00,0x89,0x45,0xfc,
    0x8b,0x45,0x10,0x50,0x8b,0x45,0xfc,0x59,0x39,0xc8,0x0f,0x9c,
    0xc0,0x0f,0xb6,0xc0,0x85,0xc0,0x74,0x26,0x8b,0x45,0x0c,0x50,
    0x8b,0x45,0x08,0x50,0x8b,0x45,0xfc,0x59,0x01,0xc8,0x59,0x88,
    0x08,0xb8,0x01,0x00,0x00,0x00,0x50,0x8b,0x45,0xfc,0x59,0x01,
    0xc8,0x50,0x8d,0x45,0xfc,0x59,0x89,0x08,0xeb,0xc6,0x89,0xec,
    0x5d,0xc3,0x55,0x89,0xe5,0x8b,0x45,0x0c,0x50,0xb8,0x00,0x00,
    0x00,0x00,0x50,0x8b,0x45,0x08,0x50,0xe8,0x9e,0xff,0xff,0xff,
    0x83,0xc4,0x0c,0x89,0xec,0x5d,0xc3,0x55,0x89,0xe5,0x83,0xec,
    0x04,0xb8,0x00,0x00,0x00,0x00,0x89,0x45,0xfc,0x8b,0x45,0x10,
    0x50,0x8b,0x45,0xfc,0x59,0x39,0xc8,0x0f,0x9c,0xc0,0x0f,0xb6,
    0xc0,0x85,0xc0,0x74,0x30,0x8b,0x45,0x0c,0x50,0x8b,0x45,0xfc,
    0x59,0x01,0xc8,0x0f,0xb6,0x00,0x50,0x8b,0x45,0x08,0x50,0x8b,
    0x45,0xfc,0x59,0x01,0xc8,0x59,0x88,0x08,0xb8,0x01,0x00,0x00,
    0x00,0x50,0x8b,0x45,0xfc,0x59,0x01,0xc8,0x50,0x8d,0x45,0xfc,
    0x59,0x89,0x08,0xeb,0xbc,0x89,0xec,0x5d,0xc3,0x55,0x89,0xe5,
    0x83,0xec,0x04,0x8b,0x45,0x0c,0x50,0x8b,0x45,0x08,0x59,0x39,
    0xc8,0x0f,0x94,0xc0,0x0f,0xb6,0xc0,0x85,0xc0,0x74,0x04,0xeb,
    0x7a,0xeb,0x00,0x8b,0x45,0x0c,0x50,0x8b,0x45,0x08,0x59,0x39,
    0xc8,0x0f,0x9f,0xc0,0x0f,0xb6,0xc0,0x85,0xc0,0x74,0x50,0x8b,
    0x45,0x10,0x89,0x45,0xfc,0xb8,0x00,0x00,0x00,0x00,0x50,0x8b,
    0x45,0xfc,0x59,0x39,0xc8,0x0f,0x9f,0xc0,0x0f,0xb6,0xc0,0x85,
    0xc0,0x74,0x30,0xb8,0x01,0x00,0x00,0x00,0x50,0x8b,0x45,0xfc,
    0x59,0x29,0xc8,0x50,0x8d,0x45,0xfc,0x59,0x89,0x08,0x8b,0x45,
    0x0c,0x50,0x8b,0x45,0xfc,0x59,0x01,0xc8,0x0f,0xb6,0x00,0x50,
    0x8b,0x45,0x08,0x50,0x8b,0x45,0xfc,0x59,0x01,0xc8,0x59,0x88,
    0x08,0xeb,0xba,0xeb,0x16,0xeb,0x00,0x8b,0x45,0x10,0x50,0x8b,
    0x45,0x0c,0x50,0x8b,0x45,0x08,0x50,0xe8,0x17,0xff,0xff,0xff,
    0x83,0xc4,0x0c,0x89,0xec,0x5d,0xc3,0x55,0x89,0xe5,0x83,0xec,
    0x04,0xb8,0x00,0x00,0x00,0x00,0x89,0x45,0xfc,0x8b,0x45,0x10,
    0x50,0x8b,0x45,0xfc,0x59,0x39,0xc8,0x0f,0x9c,0xc0,0x0f,0xb6,
    0xc0,0x85,0xc0,0x74,0x5f,0x8b,0x45,0x0c,0x50,0x8b,0x45,0xfc,
    0x59,0x01,0xc8,0x0f,0xb6,0x00,0x50,0x8b,0x45,0x08,0x50,0x8b,
    0x45,0xfc,0x59,0x01,0xc8,0x0f,0xb6,0x00,0x59,0x39,0xc8,0x0f,
    0x95,0xc0,0x0f,0xb6,0xc0,0x85,0xc0,0x74,0x22,0x8b,0x45,0x0c,
    0x50,0x8b,0x45,0xfc,0x59,0x01,0xc8,0x0f,0xb6,0x00,0x50,0x8b,
    0x45,0x08,0x50,0x8b,0x45,0xfc,0x59,0x01,0xc8,0x0f,0xb6,0x00,
    0x59,0x29,0xc8,0xeb,0x1e,0xeb,0x00,0xb8,0x01,0x00,0x00,0x00,
    0x50,0x8b,0x45,0xfc,0x59,0x01,0xc8,0x50,0x8d,0x45,0xfc,0x59,
    0x89,0x08,0xeb,0x8d,0xb8,0x00,0x00,0x00,0x00,0xeb,0x00,0x89,
    0xec,0x5d,0xc3,0x55,0x89,0xe5,0xb8,0x00,0x00,0x00,0x00,0x50,
    0x8b,0x45,0x10,0x50,0x8b,0x45,0x0c,0x50,0x8b,0x45,0x08,0x50,
    0xe8,0x5a,0xff,0xff,0xff,0x83,0xc4,0x0c,0x59,0x39,0xc8,0x0f,
    0x94,0xc0,0x0f,0xb6,0xc0,0x85,0xc0,0x74,0x09,0xb8,0x01,0x00,
    0x00,0x00,0xeb,0x09,0xeb,0x00,0xb8,0x00,0x00,0x00,0x00,0xeb,
    0x00,0x89,0xec,0x5d,0xc3,0x55,0x89,0xe5,0x83,0xec,0x04,0xb8,
    0x00,0x00,0x00,0x00,0x89,0x45,0xfc,0x8b,0x45,0x10,0x50,0x8b,
    0x45,0xfc,0x59,0x39,0xc8,0x0f,0x9c,0xc0,0x0f,0xb6,0xc0,0x85,
    0xc0,0x74,0x3a,0x8b,0x45,0x0c,0x50,0x8b,0x45,0x08,0x50,0x8b,
    0x45,0xfc,0x59,0x01,0xc8,0x0f,0xb6,0x00,0x59,0x39,0xc8,0x0f,
    0x94,0xc0,0x0f,0xb6,0xc0,0x85,0xc0,0x74,0x07,0x8b,0x45,0xfc,
    0xeb,0x27,0xeb,0x00,0xb8,0x01,0x00,0x00,0x00,0x50,0x8b,0x45,
    0xfc,0x59,0x01,0xc8,0x50,0x8d,0x45,0xfc,0x59,0x89,0x08,0xeb,
    0xb2,0xb8,0x01,0x00,0x00,0x00,0x50,0xb8,0x00,0x00,0x00,0x00,
    0x59,0x29,0xc8,0xeb,0x00,0x89,0xec,0x5d,0xc3,0x55,0x89,0xe5,
    0x83,0xec,0x1c,0xb8,0x00,0x00,0x00,0x00,0x89,0x45,0xf0,0x8b,
    0x45,0x10,0x89,0x45,0xec,0xb8,0x00,0x00,0x00,0x00,0x50,0x8b,
    0x45,0xec,0x59,0x39,0xc8,0x0f,0x94,0xc0,0x0f,0xb6,0xc0,0x85,
    0xc0,0x74,0x23,0xb8,0x30,0x00,0x00,0x00,0x50,0x8d,0x45,0xf4,
    0x50,0xb8,0x00,0x00,0x00,0x00,0x59,0x01,0xc8,0x59,0x88,0x08,
    0xb8,0x01,0x00,0x00,0x00,0x50,0x8d,0x45,0xf0,0x59,0x89,0x08,
    0xeb,0x00,0xb8,0x00,0x00,0x00,0x00,0x50,0x8b,0x45,0xec,0x59,
    0x39,0xc8,0x0f,0x9f,0xc0,0x0f,0xb6,0xc0,0x85,0xc0,0x74,0x57,
    0xb8,0x0a,0x00,0x00,0x00,0x50,0x8b,0x45,0xec,0x59,0x31,0xd2,
    0xf7,0xf1,0x89,0xd0,0x89,0x45,0xe8,0xb8,0x30,0x00,0x00,0x00,
    0x50,0x8b,0x45,0xe8,0x59,0x01,0xc8,0x50,0x8d,0x45,0xf4,0x50,
    0x8b,0x45,0xf0,0x59,0x01,0xc8,0x59,0x88,0x08,0xb8,0x01,0x00,
    0x00,0x00,0x50,0x8b,0x45,0xf0,0x59,0x01,0xc8,0x50,0x8d,0x45,
    0xf0,0x59,0x89,0x08,0xb8,0x0a,0x00,0x00,0x00,0x50,0x8b,0x45,
    0xec,0x59,0x31,0xd2,0xf7,0xf1,0x50,0x8d,0x45,0xec,0x59,0x89,
    0x08,0xeb,0x93,0xb8,0x00,0x00,0x00,0x00,0x89,0x45,0xe4,0x8b,
    0x45,0xf0,0x50,0x8b,0x45,0xe4,0x59,0x39,0xc8,0x0f,0x9c,0xc0,
    0x0f,0xb6,0xc0,0x85,0xc0,0x74,0x61,0x8b,0x45,0x0c,0x50,0xb8,
    0x01,0x00,0x00,0x00,0x50,0x8b,0x45,0xe4,0x59,0x01,0xc8,0x59,
    0x39,0xc8,0x0f,0x9d,0xc0,0x0f,0xb6,0xc0,0x85,0xc0,0x74,0x04,
    0xeb,0x42,0xeb,0x00,0x8d,0x45,0xf4,0x50,0x8b,0x45,0xe4,0x50,
    0xb8,0x01,0x00,0x00,0x00,0x50,0x8b,0x45,0xf0,0x59,0x29,0xc8,
    0x59,0x29,0xc8,0x59,0x01,0xc8,0x0f,0xb6,0x00,0x50,0x8b,0x45,
    0x08,0x50,0x8b,0x45,0xe4,0x59,0x01,0xc8,0x59,0x88,0x08,0xb8,
    0x01,0x00,0x00,0x00,0x50,0x8b,0x45,0xe4,0x59,0x01,0xc8,0x50,
    0x8d,0x45,0xe4,0x59,0x89,0x08,0xeb,0x8b,0xb8,0x00,0x00,0x00,
    0x00,0x50,0x8b,0x45,0x08,0x50,0x8b,0x45,0xe4,0x59,0x01,0xc8,
    0x59,0x88,0x08,0x8b,0x45,0xe4,0xeb,0x00,0x89,0xec,0x5d,0xc3,
    0x55,0x89,0xe5,0x83,0xec,0x1c,0xb8,0x00,0x00,0x00,0x00,0x89,
    0x45,0xf0,0x8b,0x45,0x10,0x89,0x45,0xec,0xb8,0x00,0x00,0x00,
    0x00,0x50,0x8b,0x45,0xec,0x59,0x39,0xc8,0x0f,0x94,0xc0,0x0f,
    0xb6,0xc0,0x85,0xc0,0x74,0x23,0xb8,0x30,0x00,0x00,0x00,0x50,
    0x8d,0x45,0xf4,0x50,0xb8,0x00,0x00,0x00,0x00,0x59,0x01,0xc8,
    0x59,0x88,0x08,0xb8,0x01,0x00,0x00,0x00,0x50,0x8d,0x45,0xf0,
    0x59,0x89,0x08,0xeb,0x00,0xb8,0x00,0x00,0x00,0x00,0x50,0x8b,
    0x45,0xec,0x59,0x39,0xc8,0x0f,0x9f,0xc0,0x0f,0xb6,0xc0,0x85,
    0xc0,0x0f,0x84,0x95,0x00,0x00,0x00,0xb8,0x10,0x00,0x00,0x00,
    0x50,0x8b,0x45,0xec,0x59,0x31,0xd2,0xf7,0xf1,0x89,0xd0,0x89,
    0x45,0xe8,0xb8,0x0a,0x00,0x00,0x00,0x50,0x8b,0x45,0xe8,0x59,
    0x39,0xc8,0x0f,0x9c,0xc0,0x0f,0xb6,0xc0,0x85,0xc0,0x74,0x1c,
    0xb8,0x30,0x00,0x00,0x00,0x50,0x8b,0x45,0xe8,0x59,0x01,0xc8,
    0x50,0x8d,0x45,0xf4,0x50,0x8b,0x45,0xf0,0x59,0x01,0xc8,0x59,
    0x88,0x08,0xeb,0x23,0xb8,0x61,0x00,0x00,0x00,0x50,0xb8,0x0a,
    0x00,0x00,0x00,0x50,0x8b,0x45,0xe8,0x59,0x29,0xc8,0x59,0x01,
    0xc8,0x50,0x8d,0x45,0xf4,0x50,0x8b,0x45,0xf0,0x59,0x01,0xc8,
    0x59,0x88,0x08,0xb8,0x01,0x00,0x00,0x00,0x50,0x8b,0x45,0xf0,
    0x59,0x01,0xc8,0x50,0x8d,0x45,0xf0,0x59,0x89,0x08,0xb8,0x10,
    0x00,0x00,0x00,0x50,0x8b,0x45,0xec,0x59,0x31,0xd2,0xf7,0xf1,
    0x50,0x8d,0x45,0xec,0x59,0x89,0x08,0xe9,0x51,0xff,0xff,0xff,
    0xb8,0x00,0x00,0x00,0x00,0x89,0x45,0xe4,0x8b,0x45,0xf0,0x50,
    0x8b,0x45,0xe4,0x59,0x39,0xc8,0x0f,0x9c,0xc0,0x0f,0xb6,0xc0,
    0x85,0xc0,0x74,0x61,0x8b,0x45,0x0c,0x50,0xb8,0x01,0x00,0x00,
    0x00,0x50,0x8b,0x45,0xe4,0x59,0x01,0xc8,0x59,0x39,0xc8,0x0f,
    0x9d,0xc0,0x0f,0xb6,0xc0,0x85,0xc0,0x74,0x04,0xeb,0x42,0xeb,
    0x00,0x8d,0x45,0xf4,0x50,0x8b,0x45,0xe4,0x50,0xb8,0x01,0x00,
    0x00,0x00,0x50,0x8b,0x45,0xf0,0x59,0x29,0xc8,0x59,0x29,0xc8,
    0x59,0x01,0xc8,0x0f,0xb6,0x00,0x50,0x8b,0x45,0x08,0x50,0x8b,
    0x45,0xe4,0x59,0x01,0xc8,0x59,0x88,0x08,0xb8,0x01,0x00,0x00,
    0x00,0x50,0x8b,0x45,0xe4,0x59,0x01,0xc8,0x50,0x8d,0x45,0xe4,
    0x59,0x89,0x08,0xeb,0x8b,0xb8,0x00,0x00,0x00,0x00,0x50,0x8b,
    0x45,0x08,0x50,0x8b,0x45,0xe4,0x59,0x01,0xc8,0x59,0x88,0x08,
    0x8b,0x45,0xe4,0xeb,0x00,0x89,0xec,0x5d,0xc3,0x55,0x89,0xe5,
    0x83,0xec,0x0c,0x8b,0x45,0x08,0x50,0xb8,0x0c,0x00,0x00,0x00,
    0x50,0x8d,0x45,0xf4,0x50,0xb8,0x00,0x00,0x00,0x00,0x59,0x01,
    0xc8,0x50,0xe8,0xf6,0xfc,0xff,0xff,0x83,0xc4,0x0c,0x8d,0x45,
    0xf4,0x50,0xb8,0x00,0x00,0x00,0x00,0x59,0x01,0xc8,0x50,0xe8,
    0x36,0xf4,0xff,0xff,0x83,0xc4,0x04,0x89,0xec,0x5d,0xc3,0x55,
    0x89,0xe5,0x83,0xec,0x0c,0x8b,0x45,0x08,0x50,0xb8,0x0c,0x00,
    0x00,0x00,0x50,0x8d,0x45,0xf4,0x50,0xb8,0x00,0x00,0x00,0x00,
    0x59,0x01,0xc8,0x50,0xe8,0x0b,0xfe,0xff,0xff,0x83,0xc4,0x0c,
    0xb8,0x6c,0x54,0x40,0x00,0x50,0xe8,0xff,0xf3,0xff,0xff,0x83,
    0xc4,0x04,0x8d,0x45,0xf4,0x50,0xb8,0x00,0x00,0x00,0x00,0x59,
    0x01,0xc8,0x50,0xe8,0xea,0xf3,0xff,0xff,0x83,0xc4,0x04,0x89,
    0xec,0x5d,0xc3,0x55,0x89,0xe5,0xb8,0x10,0x00,0x00,0x00,0x50,
    0x8b,0x45,0x08,0x59,0xd3,0xe0,0xeb,0x00,0x89,0xec,0x5d,0xc3,
    0x55,0x89,0xe5,0xb8,0x00,0x00,0x00,0x00,0x50,0x8b,0x45,0x0c,
    0x59,0x39,0xc8,0x0f,0x94,0xc0,0x0f,0xb6,0xc0,0x85,0xc0,0x74,
    0x09,0xb8,0x00,0x00,0x00,0x00,0xeb,0x18,0xeb,0x00,0x8b,0x45,
    0x0c,0x50,0xb8,0x10,0x00,0x00,0x00,0x50,0x8b,0x45,0x08,0x59,
    0xd3,0xe0,0x59,0x99,0xf7,0xf9,0xeb,0x00,0x89,0xec,0x5d,0xc3,
    0x55,0x89,0xe5,0xb8,0x10,0x00,0x00,0x00,0x50,0x8b,0x45,0x08,
    0x59,0xd3,0xf8,0xeb,0x00,0x89,0xec,0x5d,0xc3,0x55,0x89,0xe5,
    0xb8,0x10,0x00,0x00,0x00,0x50,0xb8,0x00,0x80,0x00,0x00,0x50,
    0x8b,0x45,0x08,0x59,0x01,0xc8,0x59,0xd3,0xf8,0xeb,0x00,0x89,
    0xec,0x5d,0xc3,0x55,0x89,0xe5,0xb8,0xff,0xff,0x00,0x00,0x50,
    0x8b,0x45,0x08,0x59,0x21,0xc8,0xeb,0x00,0x89,0xec,0x5d,0xc3,
    0x55,0x89,0xe5,0x8b,0x45,0x0c,0x50,0x8b,0x45,0x08,0x59,0x01,
    0xc8,0xeb,0x00,0x89,0xec,0x5d,0xc3,0x55,0x89,0xe5,0x8b,0x45,
    0x0c,0x50,0x8b,0x45,0x08,0x59,0x29,0xc8,0xeb,0x00,0x89,0xec,
    0x5d,0xc3,0x55,0x89,0xe5,0x83,0xec,0x08,0xb8,0x10,0x00,0x00,
    0x00,0x50,0x8b,0x45,0x08,0x59,0xd3,0xf8,0x89,0x45,0xfc,0xb8,
    0xff,0xff,0x00,0x00,0x50,0x8b,0x45,0x08,0x59,0x21,0xc8,0x89,
    0x45,0xf8,0xb8,0x08,0x00,0x00,0x00,0x50,0x8b,0x45,0x0c,0x59,
    0xd3,0xf8,0x50,0xb8,0x08,0x00,0x00,0x00,0x50,0x8b,0x45,0xf8,
    0x59,0xd3,0xf8,0x59,0x0f,0xaf,0xc1,0x50,0x8b,0x45,0x0c,0x50,
    0x8b,0x45,0xfc,0x59,0x0f,0xaf,0xc1,0x59,0x01,0xc8,0xeb,0x00,
    0x89,0xec,0x5d,0xc3,0x55,0x89,0xe5,0x83,0xec,0x04,0xb8,0x08,
    0x00,0x00,0x00,0x50,0x8b,0x45,0x0c,0x59,0xd3,0xf8,0x89,0x45,
    0xfc,0xb8,0x00,0x00,0x00,0x00,0x50,0x8b,0x45,0xfc,0x59,0x39,
    0xc8,0x0f,0x94,0xc0,0x0f,0xb6,0xc0,0x85,0xc0,0x74,0x09,0xb8,
    0x00,0x00,0x00,0x00,0xeb,0x18,0xeb,0x00,0x8b,0x45,0xfc,0x50,
    0xb8,0x08,0x00,0x00,0x00,0x50,0x8b,0x45,0x08,0x59,0xd3,0xe0,
    0x59,0x99,0xf7,0xf9,0xeb,0x00,0x89,0xec,0x5d,0xc3,0x55,0x89,
    0xe5,0x8b,0x45,0x08,0x50,0xb8,0x00,0x00,0x00,0x00,0x59,0x29,
    0xc8,0xeb,0x00,0x89,0xec,0x5d,0xc3,0x55,0x89,0xe5,0xb8,0x00,
    0x00,0x00,0x00,0x50,0x8b,0x45,0x08,0x59,0x39,0xc8,0x0f,0x9c,
    0xc0,0x0f,0xb6,0xc0,0x85,0xc0,0x74,0x10,0x8b,0x45,0x08,0x50,
    0xb8,0x00,0x00,0x00,0x00,0x59,0x29,0xc8,0xeb,0x07,0xeb,0x00,
    0x8b,0x45,0x08,0xeb,0x00,0x89,0xec,0x5d,0xc3,0x55,0x89,0xe5,
    0x8b,0x45,0x0c,0x50,0x8b,0x45,0x08,0x59,0x39,0xc8,0x0f,0x9c,
    0xc0,0x0f,0xb6,0xc0,0x85,0xc0,0x74,0x07,0x8b,0x45,0x08,0xeb,
    0x07,0xeb,0x00,0x8b,0x45,0x0c,0xeb,0x00,0x89,0xec,0x5d,0xc3,
    0x55,0x89,0xe5,0x8b,0x45,0x0c,0x50,0x8b,0x45,0x08,0x59,0x39,
    0xc8,0x0f,0x9f,0xc0,0x0f,0xb6,0xc0,0x85,0xc0,0x74,0x07,0x8b,
    0x45,0x08,0xeb,0x07,0xeb,0x00,0x8b,0x45,0x0c,0xeb,0x00,0x89,
    0xec,0x5d,0xc3,0x55,0x89,0xe5,0x8b,0x45,0x0c,0x50,0x8b,0x45,
    0x08,0x59,0x39,0xc8,0x0f,0x9c,0xc0,0x0f,0xb6,0xc0,0x85,0xc0,
    0x74,0x07,0x8b,0x45,0x0c,0xeb,0x22,0xeb,0x00,0x8b,0x45,0x10,
    0x50,0x8b,0x45,0x08,0x59,0x39,0xc8,0x0f,0x9f,0xc0,0x0f,0xb6,
    0xc0,0x85,0xc0,0x74,0x07,0x8b,0x45,0x10,0xeb,0x07,0xeb,0x00,
    0x8b,0x45,0x08,0xeb,0x00,0x89,0xec,0x5d,0xc3,0x55,0x89,0xe5,
    0x8b,0x45,0x10,0x50,0x8b,0x45,0x08,0x50,0x8b,0x45,0x0c,0x59,
    0x29,0xc8,0x50,0xe8,0x6e,0xfe,0xff,0xff,0x83,0xc4,0x08,0x50,
    0x8b,0x45,0x08,0x59,0x01,0xc8,0xeb,0x00,0x89,0xec,0x5d,0xc3,
    0x55,0x89,0xe5,0xb8,0x64,0x00,0x00,0x00,0x50,0x8b,0x45,0x0c,
    0x50,0x8b,0x45,0x08,0x50,0xe8,0x48,0xfe,0xff,0xff,0x83,0xc4,
    0x08,0x59,0x99,0xf7,0xf9,0xeb,0x00,0x89,0xec,0x5d,0xc3,0x55,
    0x89,0xe5,0x83,0xec,0x18,0xb8,0x00,0x00,0x00,0x00,0x89,0x45,
    0xfc,0x8b,0x45,0x10,0x89,0x45,0xf8,0xb8,0x00,0x00,0x00,0x00,
    0x50,0x8b,0x45,0xf8,0x59,0x39,0xc8,0x0f,0x9c,0xc0,0x0f,0xb6,
    0xc0,0x85,0xc0,0x74,0x36,0xb8,0x2d,0x00,0x00,0x00,0x50,0x8b,
    0x45,0x08,0x50,0xb8,0x00,0x00,0x00,0x00,0x59,0x01,0xc8,0x59,
    0x88,0x08,0xb8,0x01,0x00,0x00,0x00,0x50,0x8d,0x45,0xfc,0x59,
    0x89,0x08,0x8b,0x45,0xf8,0x50,0xb8,0x00,0x00,0x00,0x00,0x59,
    0x29,0xc8,0x50,0x8d,0x45,0xf8,0x59,0x89,0x08,0xeb,0x00,0xb8,
    0x00,0x00,0x00,0x00,0x50,0x8b,0x45,0x14,0x59,0x39,0xc8,0x0f,
    0x9f,0xc0,0x0f,0xb6,0xc0,0x85,0xc0,0x74,0x6a,0xb8,0x00,0x00,
    0x01,0x00,0x89,0x45,0xf4,0xb8,0x00,0x00,0x00,0x00,0x89,0x45,
    0xf0,0x8b,0x45,0x14,0x50,0x8b,0x45,0xf0,0x59,0x39,0xc8,0x0f,
    0x9c,0xc0,0x0f,0xb6,0xc0,0x85,0xc0,0x74,0x29,0xb8,0x0a,0x00,
    0x00,0x00,0x50,0x8b,0x45,0xf4,0x59,0x99,0xf7,0xf9,0x50,0x8d,
    0x45,0xf4,0x59,0x89,0x08,0xb8,0x01,0x00,0x00,0x00,0x50,0x8b,
    0x45,0xf0,0x59,0x01,0xc8,0x50,0x8d,0x45,0xf0,0x59,0x89,0x08,
    0xeb,0xc3,0xb8,0x02,0x00,0x00,0x00,0x50,0x8b,0x45,0xf4,0x59,
    0x99,0xf7,0xf9,0x50,0x8b,0x45,0xf8,0x59,0x01,0xc8,0x50,0x8d,
    0x45,0xf8,0x59,0x89,0x08,0xeb,0x00,0xb8,0x10,0x00,0x00,0x00,
    0x50,0x8b,0x45,0xf8,0x59,0xd3,0xf8,0x50,0x8b,0x45,0xfc,0x50,
    0x8b,0x45,0x0c,0x59,0x29,0xc8,0x50,0x8b,0x45,0x08,0x50,0x8b,
    0x45,0xfc,0x59,0x01,0xc8,0x50,0xe8,0x02,0xf9,0xff,0xff,0x83,
    0xc4,0x0c,0x50,0x8b,0x45,0xfc,0x59,0x01,0xc8,0x50,0x8d,0x45,
    0xfc,0x59,0x89,0x08,0xb8,0x00,0x00,0x00,0x00,0x50,0x8b,0x45,
    0x14,0x59,0x39,0xc8,0x0f,0x94,0xc0,0x0f,0xb6,0xc0,0x85,0xc0,
    0x74,0x0a,0x8b,0x45,0xfc,0xe9,0x24,0x01,0x00,0x00,0xeb,0x00,
    0x8b,0x45,0x0c,0x50,0xb8,0x01,0x00,0x00,0x00,0x50,0x8b,0x45,
    0xfc,0x59,0x01,0xc8,0x59,0x39,0xc8,0x0f,0x9c,0xc0,0x0f,0xb6,
    0xc0,0x85,0xc0,0x74,0x28,0xb8,0x2e,0x00,0x00,0x00,0x50,0x8b,
    0x45,0x08,0x50,0x8b,0x45,0xfc,0x59,0x01,0xc8,0x59,0x88,0x08,
    0xb8,0x01,0x00,0x00,0x00,0x50,0x8b,0x45,0xfc,0x59,0x01,0xc8,
    0x50,0x8d,0x45,0xfc,0x59,0x89,0x08,0xeb,0x00,0xb8,0xff,0xff,
    0x00,0x00,0x50,0x8b,0x45,0xf8,0x59,0x21,0xc8,0x89,0x45,0xec,
    0xb8,0x00,0x00,0x00,0x00,0x89,0x45,0xe8,0x8b,0x45,0x14,0x50,
    0x8b,0x45,0xe8,0x59,0x39,0xc8,0x0f,0x9c,0xc0,0x0f,0xb6,0xc0,
    0x85,0xc0,0x0f,0x84,0x96,0x00,0x00,0x00,0x8b,0x45,0x0c,0x50,
    0xb8,0x01,0x00,0x00,0x00,0x50,0x8b,0x45,0xfc,0x59,0x01,0xc8,
    0x59,0x39,0xc8,0x0f,0x9d,0xc0,0x0f,0xb6,0xc0,0x85,0xc0,0x74,
    0x04,0xeb,0x77,0xeb,0x00,0xb8,0x0a,0x00,0x00,0x00,0x50,0x8b,
    0x45,0xec,0x59,0x0f,0xaf,0xc1,0x50,0x8d,0x45,0xec,0x59,0x89,
    0x08,0xb8,0x30,0x00,0x00,0x00,0x50,0xb8,0x10,0x00,0x00,0x00,
    0x50,0x8b,0x45,0xec,0x59,0xd3,0xf8,0x59,0x01,0xc8,0x50,0x8b,
    0x45,0x08,0x50,0x8b,0x45,0xfc,0x59,0x01,0xc8,0x59,0x88,0x08,
    0xb8,0xff,0xff,0x00,0x00,0x50,0x8b,0x45,0xec,0x59,0x21,0xc8,
    0x50,0x8d,0x45,0xec,0x59,0x89,0x08,0xb8,0x01,0x00,0x00,0x00,
    0x50,0x8b,0x45,0xfc,0x59,0x01,0xc8,0x50,0x8d,0x45,0xfc,0x59,
    0x89,0x08,0xb8,0x01,0x00,0x00,0x00,0x50,0x8b,0x45,0xe8,0x59,
    0x01,0xc8,0x50,0x8d,0x45,0xe8,0x59,0x89,0x08,0xe9,0x52,0xff,
    0xff,0xff,0xb8,0x00,0x00,0x00,0x00,0x50,0x8b,0x45,0x08,0x50,
    0x8b,0x45,0xfc,0x59,0x01,0xc8,0x59,0x88,0x08,0x8b,0x45,0xfc,
    0xeb,0x00,0x89,0xec,0x5d,0xc3,0x55,0x89,0xe5,0x83,0xec,0x18,
    0x8b,0x45,0x0c,0x50,0x8b,0x45,0x08,0x50,0xb8,0x18,0x00,0x00,
    0x00,0x50,0x8d,0x45,0xe8,0x50,0xb8,0x00,0x00,0x00,0x00,0x59,
    0x01,0xc8,0x50,0xe8,0x7b,0xfd,0xff,0xff,0x83,0xc4,0x10,0x8d,
    0x45,0xe8,0x50,0xb8,0x00,0x00,0x00,0x00,0x59,0x01,0xc8,0x50,
    0xe8,0xc5,0xee,0xff,0xff,0x83,0xc4,0x04,0x89,0xec,0x5d,0xc3,
    0x55,0x89,0xe5,0xb8,0xff,0x00,0x00,0x00,0x50,0x8b,0x45,0x10,
    0x59,0x21,0xc8,0x50,0xb8,0x08,0x00,0x00,0x00,0x50,0xb8,0xff,
    0x00,0x00,0x00,0x50,0x8b,0x45,0x0c,0x59,0x21,0xc8,0x59,0xd3,
    0xe0,0x50,0xb8,0x10,0x00,0x00,0x00,0x50,0xb8,0xff,0x00,0x00,
    0x00,0x50,0x8b,0x45,0x08,0x59,0x21,0xc8,0x59,0xd3,0xe0,0x59,
    0x09,0xc8,0x59,0x09,0xc8,0xeb,0x00,0x89,0xec,0x5d,0xc3,0x55,
    0x89,0xe5,0x83,0xec,0x24,0xb8,0x01,0x00,0x00,0x00,0x50,0x8d,
    0x45,0xdc,0x59,0x89,0x08,0x8b,0x45,0x08,0x50,0x8d,0x45,0xdc,
    0x83,0xc0,0x14,0x59,0x89,0x08,0xb8,0x00,0x00,0x00,0x00,0x50,
    0x8d,0x45,0xdc,0x83,0xc0,0x04,0x59,0x89,0x08,0xb8,0x00,0x00,
    0x00,0x00,0x50,0x8d,0x45,0xdc,0x83,0xc0,0x08,0x59,0x89,0x08,
    0xb8,0x00,0x00,0x00,0x00,0x50,0x8d,0x45,0xdc,0x83,0xc0,0x0c,
    0x59,0x89,0x08,0xb8,0x00,0x00,0x00,0x00,0x50,0x8d,0x45,0xdc,
    0x83,0xc0,0x10,0x59,0x89,0x08,0xb8,0x00,0x00,0x00,0x00,0x50,
    0x8d,0x45,0xdc,0x83,0xc0,0x18,0x59,0x89,0x08,0x8d,0x45,0xdc,
    0x50,0xe8,0xdf,0xd1,0xff,0xff,0x83,0xc4,0x04,0xeb,0x00,0x89,
    0xec,0x5d,0xc3,0x55,0x89,0xe5,0x83,0xec,0x24,0xb8,0x02,0x00,
    0x00,0x00,0x50,0x8d,0x45,0xdc,0x59,0x89,0x08,0x8b,0x45,0x08,
    0x50,0x8d,0x45,0xdc,0x83,0xc0,0x04,0x59,0x89,0x08,0x8b,0x45,
    0x0c,0x50,0x8d,0x45,0xdc,0x83,0xc0,0x08,0x59,0x89,0x08,0x8b,
    0x45,0x10,0x50,0x8d,0x45,0xdc,0x83,0xc0,0x0c,0x59,0x89,0x08,
    0x8b,0x45,0x14,0x50,0x8d,0x45,0xdc,0x83,0xc0,0x10,0x59,0x89,
    0x08,0x8b,0x45,0x18,0x50,0x8d,0x45,0xdc,0x83,0xc0,0x14,0x59,
    0x89,0x08,0xb8,0x00,0x00,0x00,0x00,0x50,0x8d,0x45,0xdc,0x83,
    0xc0,0x18,0x59,0x89,0x08,0x8d,0x45,0xdc,0x50,0xe8,0x6b,0xd1,
    0xff,0xff,0x83,0xc4,0x04,0xeb,0x00,0x89,0xec,0x5d,0xc3,0x55,
    0x89,0xe5,0x83,0xec,0x24,0xb8,0x03,0x00,0x00,0x00,0x50,0x8d,
    0x45,0xdc,0x59,0x89,0x08,0x8b,0x45,0x08,0x50,0x8d,0x45,0xdc,
    0x83,0xc0,0x04,0x59,0x89,0x08,0x8b,0x45,0x0c,0x50,0x8d,0x45,
    0xdc,0x83,0xc0,0x08,0x59,0x89,0x08,0xb8,0x00,0x00,0x00,0x00,
    0x50,0x8d,0x45,0xdc,0x83,0xc0,0x0c,0x59,0x89,0x08,0xb8,0x00,
    0x00,0x00,0x00,0x50,0x8d,0x45,0xdc,0x83,0xc0,0x10,0x59,0x89,
    0x08,0x8b,0x45,0x10,0x50,0x8d,0x45,0xdc,0x83,0xc0,0x14,0x59,
    0x89,0x08,0xb8,0x00,0x00,0x00,0x00,0x50,0x8d,0x45,0xdc,0x83,
    0xc0,0x18,0x59,0x89,0x08,0x8d,0x45,0xdc,0x50,0xe8,0xf3,0xd0,
    0xff,0xff,0x83,0xc4,0x04,0xeb,0x00,0x89,0xec,0x5d,0xc3,0x55,
    0x89,0xe5,0x83,0xec,0x24,0xb8,0x04,0x00,0x00,0x00,0x50,0x8d,
    0x45,0xdc,0x59,0x89,0x08,0x8b,0x45,0x08,0x50,0x8d,0x45,0xdc,
    0x83,0xc0,0x04,0x59,0x89,0x08,0x8b,0x45,0x0c,0x50,0x8d,0x45,
    0xdc,0x83,0xc0,0x08,0x59,0x89,0x08,0x8b,0x45,0x10,0x50,0x8d,
    0x45,0xdc,0x83,0xc0,0x0c,0x59,0x89,0x08,0x8b,0x45,0x14,0x50,
    0x8d,0x45,0xdc,0x83,0xc0,0x10,0x59,0x89,0x08,0x8b,0x45,0x18,
    0x50,0x8d,0x45,0xdc,0x83,0xc0,0x14,0x59,0x89,0x08,0xb8,0x00,
    0x00,0x00,0x00,0x50,0x8d,0x45,0xdc,0x83,0xc0,0x18,0x59,0x89,
    0x08,0x8d,0x45,0xdc,0x50,0xe8,0x7f,0xd0,0xff,0xff,0x83,0xc4,
    0x04,0xeb,0x00,0x89,0xec,0x5d,0xc3,0x55,0x89,0xe5,0x83,0xec,
    0x24,0xb8,0x05,0x00,0x00,0x00,0x50,0x8d,0x45,0xdc,0x59,0x89,
    0x08,0x8b,0x45,0x08,0x50,0x8d,0x45,0xdc,0x83,0xc0,0x04,0x59,
    0x89,0x08,0x8b,0x45,0x0c,0x50,0x8d,0x45,0xdc,0x83,0xc0,0x08,
    0x59,0x89,0x08,0xb8,0x00,0x00,0x00,0x00,0x50,0x8d,0x45,0xdc,
    0x83,0xc0,0x0c,0x59,0x89,0x08,0xb8,0x00,0x00,0x00,0x00,0x50,
    0x8d,0x45,0xdc,0x83,0xc0,0x10,0x59,0x89,0x08,0x8b,0x45,0x14,
    0x50,0x8d,0x45,0xdc,0x83,0xc0,0x14,0x59,0x89,0x08,0x8b,0x45,
    0x18,0x50,0x8d,0x45,0xdc,0x83,0xc0,0x18,0x59,0x89,0x08,0x8b,
    0x45,0x10,0x50,0x8d,0x45,0xdc,0x83,0xc0,0x1c,0x59,0x89,0x08,
    0x8d,0x45,0xdc,0x50,0xe8,0xfc,0xcf,0xff,0xff,0x83,0xc4,0x04,
    0xeb,0x00,0x89,0xec,0x5d,0xc3,0x55,0x89,0xe5,0x83,0xec,0x24,
    0xb8,0x00,0x00,0x00,0x00,0x50,0x8d,0x45,0xdc,0x59,0x89,0x08,
    0xb8,0x00,0x00,0x00,0x00,0x50,0x8d,0x45,0xdc,0x83,0xc0,0x04,
    0x59,0x89,0x08,0xb8,0x00,0x00,0x00,0x00,0x50,0x8d,0x45,0xdc,
    0x83,0xc0,0x08,0x59,0x89,0x08,0xb8,0x00,0x00,0x00,0x00,0x50,
    0x8d,0x45,0xdc,0x83,0xc0,0x0c,0x59,0x89,0x08,0xb8,0x00,0x00,
    0x00,0x00,0x50,0x8d,0x45,0xdc,0x83,0xc0,0x10,0x59,0x89,0x08,
    0xb8,0x00,0x00,0x00,0x00,0x50,0x8d,0x45,0xdc,0x83,0xc0,0x14,
    0x59,0x89,0x08,0xb8,0x00,0x00,0x00,0x00,0x50,0x8d,0x45,0xdc,
    0x83,0xc0,0x18,0x59,0x89,0x08,0x8b,0x45,0x08,0x50,0x8d,0x45,
    0xdc,0x83,0xc0,0x20,0x59,0x89,0x08,0x8d,0x45,0xdc,0x50,0xe8,
    0x71,0xcf,0xff,0xff,0x83,0xc4,0x04,0xeb,0x00,0x89,0xec,0x5d,
    0xc3,0x55,0x89,0xe5,0x83,0xec,0x10,0xb8,0x00,0x00,0x00,0x00,
    0x50,0x8d,0x45,0xf0,0x50,0xb8,0x00,0x00,0x00,0x00,0x6b,0xc0,
    0x04,0x59,0x01,0xc8,0x50,0xe8,0x54,0xff,0xff,0xff,0x83,0xc4,
    0x04,0x59,0x39,0xc8,0x0f,0x95,0xc0,0x0f,0xb6,0xc0,0x85,0xc0,
    0x74,0x09,0xb8,0x00,0x00,0x00,0x00,0xeb,0x15,0xeb,0x00,0x8d,
    0x45,0xf0,0x50,0xb8,0x00,0x00,0x00,0x00,0x6b,0xc0,0x04,0x59,
    0x01,0xc8,0x8b,0x00,0xeb,0x00,0x89,0xec,0x5d,0xc3,0x55,0x89,
    0xe5,0x83,0xec,0x10,0xb8,0x00,0x00,0x00,0x00,0x50,0x8d,0x45,
    0xf0,0x50,0xb8,0x00,0x00,0x00,0x00,0x6b,0xc0,0x04,0x59,0x01,
    0xc8,0x50,0xe8,0x03,0xff,0xff,0xff,0x83,0xc4,0x04,0x59,0x39,
    0xc8,0x0f,0x95,0xc0,0x0f,0xb6,0xc0,0x85,0xc0,0x74,0x09,0xb8,
    0x00,0x00,0x00,0x00,0xeb,0x15,0xeb,0x00,0x8d,0x45,0xf0,0x50,
    0xb8,0x01,0x00,0x00,0x00,0x6b,0xc0,0x04,0x59,0x01,0xc8,0x8b,
    0x00,0xeb,0x00,0x89,0xec,0x5d,0xc3,0x55,0x89,0xe5,0x8b,0x45,
    0x18,0x50,0xb8,0x01,0x00,0x00,0x00,0x50,0x8b,0x45,0x10,0x50,
    0x8b,0x45,0x0c,0x50,0x8b,0x45,0x08,0x50,0xe8,0xd2,0xfc,0xff,
    0xff,0x83,0xc4,0x14,0x8b,0x45,0x18,0x50,0xb8,0x01,0x00,0x00,
    0x00,0x50,0x8b,0x45,0x10,0x50,0xb8,0x01,0x00,0x00,0x00,0x50,
    0x8b,0x45,0x14,0x50,0x8b,0x45,0x0c,0x59,0x01,0xc8,0x59,0x29,
    0xc8,0x50,0x8b,0x45,0x08,0x50,0xe8,0xa4,0xfc,0xff,0xff,0x83,
    0xc4,0x14,0x8b,0x45,0x18,0x50,0x8b,0x45,0x14,0x50,0xb8,0x01,
    0x00,0x00,0x00,0x50,0x8b,0x45,0x0c,0x50,0x8b,0x45,0x08,0x50,
    0xe8,0x86,0xfc,0xff,0xff,0x83,0xc4,0x14,0x8b,0x45,0x18,0x50,
    0x8b,0x45,0x14,0x50,0xb8,0x01,0x00,0x00,0x00,0x50,0x8b,0x45,
    0x0c,0x50,0xb8,0x01,0x00,0x00,0x00,0x50,0x8b,0x45,0x10,0x50,
    0x8b,0x45,0x08,0x59,0x01,0xc8,0x59,0x29,0xc8,0x50,0xe8,0x58,
    0xfc,0xff,0xff,0x83,0xc4,0x14,0x89,0xec,0x5d,0xc3,0x55,0x89,
    0xe5,0x8b,0x45,0x0c,0x50,0xe8,0xc9,0xfb,0xff,0xff,0x83,0xc4,
    0x04,0x8b,0x45,0x10,0x50,0xb8,0x14,0x00,0x00,0x00,0x50,0xe8,
    0xa1,0xfe,0xff,0xff,0x50,0xb8,0x00,0x00,0x00,0x00,0x50,0xb8,
    0x00,0x00,0x00,0x00,0x50,0xe8,0x21,0xfc,0xff,0xff,0x83,0xc4,
    0x14,0x8b,0x45,0x10,0x50,0x8b,0x45,0x14,0x50,0x8b,0x45,0x08,
    0x50,0xb8,0x04,0x00,0x00,0x00,0x50,0xb8,0x08,0x00,0x00,0x00,
    0x50,0xe8,0x61,0xfd,0xff,0xff,0x83,0xc4,0x14,0x89,0xec,0x5d,
    0xc3,0x55,0x89,0xe5,0xb8,0xff,0x00,0x00,0x00,0x50,0x8b,0x45,
    0x14,0x59,0x21,0xc8,0x50,0xb8,0x08,0x00,0x00,0x00,0x50,0xb8,
    0xff,0x00,0x00,0x00,0x50,0x8b,0x45,0x10,0x59,0x21,0xc8,0x59,
    0xd3,0xe0,0x50,0xb8,0x10,0x00,0x00,0x00,0x50,0xb8,0xff,0x00,
    0x00,0x00,0x50,0x8b,0x45,0x0c,0x59,0x21,0xc8,0x59,0xd3,0xe0,
    0x50,0xb8,0x18,0x00,0x00,0x00,0x50,0xb8,0xff,0x00,0x00,0x00,
    0x50,0x8b,0x45,0x08,0x59,0x21,0xc8,0x59,0xd3,0xe0,0x59,0x09,
    0xc8,0x59,0x09,0xc8,0x59,0x09,0xc8,0xeb,0x00,0x89,0xec,0x5d,
    0xc3,0x55,0x89,0xe5,0xb8,0x00,0x00,0x00,0x00,0x50,0x8b,0x45,
    0x0c,0x59,0x39,0xc8,0x0f,0x94,0xc0,0x0f,0xb6,0xc0,0x85,0xc0,
    0x74,0x19,0xb8,0xff,0x00,0x00,0x00,0x50,0xb8,0x18,0x00,0x00,
    0x00,0x50,0x8b,0x45,0x08,0x59,0xd3,0xe8,0x59,0x21,0xc8,0xeb,
    0x6e,0xeb,0x00,0xb8,0x01,0x00,0x00,0x00,0x50,0x8b,0x45,0x0c,
    0x59,0x39,0xc8,0x0f,0x94,0xc0,0x0f,0xb6,0xc0,0x85,0xc0,0x74,
    0x19,0xb8,0xff,0x00,0x00,0x00,0x50,0xb8,0x10,0x00,0x00,0x00,
    0x50,0x8b,0x45,0x08,0x59,0xd3,0xe8,0x59,0x21,0xc8,0xeb,0x3f,
    0xeb,0x00,0xb8,0x02,0x00,0x00,0x00,0x50,0x8b,0x45,0x0c,0x59,
    0x39,0xc8,0x0f,0x94,0xc0,0x0f,0xb6,0xc0,0x85,0xc0,0x74,0x19,
    0xb8,0xff,0x00,0x00,0x00,0x50,0xb8,0x08,0x00,0x00,0x00,0x50,
    0x8b,0x45,0x08,0x59,0xd3,0xe8,0x59,0x21,0xc8,0xeb,0x10,0xeb,
    0x00,0xb8,0xff,0x00,0x00,0x00,0x50,0x8b,0x45,0x08,0x59,0x21,
    0xc8,0xeb,0x00,0x89,0xec,0x5d,0xc3,0x55,0x89,0xe5,0x83,0xec,
    0x14,0xb8,0x00,0x00,0x00,0x00,0x50,0x8d,0x45,0xec,0x59,0x89,
    0x08,0xb8,0x00,0x00,0x00,0x00,0x50,0x8d,0x45,0xec,0x83,0xc0,
    0x04,0x59,0x89,0x08,0xb8,0x00,0x00,0x00,0x00,0x50,0x8d,0x45,
    0xec,0x83,0xc0,0x0c,0x59,0x89,0x08,0x8d,0x45,0xec,0x50,0xe8,
    0xc8,0xcc,0xff,0xff,0x83,0xc4,0x04,0xeb,0x00,0x89,0xec,0x5d,
    0xc3,0x55,0x89,0xe5,0x83,0xec,0x14,0xb8,0x01,0x00,0x00,0x00,
    0x50,0x8d,0x45,0xec,0x59,0x89,0x08,0xb8,0x00,0x00,0x00,0x00,
    0x50,0x8d,0x45,0xec,0x83,0xc0,0x04,0x59,0x89,0x08,0x8b,0x45,
    0x08,0x50,0x8d,0x45,0xec,0x83,0xc0,0x08,0x59,0x89,0x08,0xb8,
    0x06,0x00,0x00,0x00,0x50,0x8d,0x45,0xec,0x83,0xc0,0x0c,0x59,
    0x89,0x08,0x8d,0x45,0xec,0x50,0xe8,0x79,0xcc,0xff,0xff,0x83,
    0xc4,0x04,0xeb,0x00,0x89,0xec,0x5d,0xc3,0x55,0x89,0xe5,0x83,
    0xec,0x14,0xb8,0x02,0x00,0x00,0x00,0x50,0x8d,0x45,0xec,0x59,
    0x89,0x08,0xb8,0x00,0x00,0x00,0x00,0x50,0x8d,0x45,0xec,0x83,
    0xc0,0x04,0x59,0x89,0x08,0xb8,0x00,0x00,0x00,0x00,0x50,0x8d,
    0x45,0xec,0x83,0xc0,0x0c,0x59,0x89,0x08,0x8b,0x45,0x08,0x50,
    0x8d,0x45,0xec,0x83,0xc0,0x10,0x59,0x89,0x08,0x8d,0x45,0xec,
    0x50,0xe8,0x2a,0xcc,0xff,0xff,0x83,0xc4,0x04,0xeb,0x00,0x89,
    0xec,0x5d,0xc3,0x55,0x89,0xe5,0x83,0xec,0x10,0xb8,0x00,0x00,
    0x00,0x00,0x50,0x8d,0x45,0xf0,0x50,0xb8,0x00,0x00,0x00,0x00,
    0x6b,0xc0,0x04,0x59,0x01,0xc8,0x50,0xe8,0x90,0xff,0xff,0xff,
    0x83,0xc4,0x04,0x59,0x39,0xc8,0x0f,0x95,0xc0,0x0f,0xb6,0xc0,
    0x85,0xc0,0x74,0x09,0xb8,0x00,0x00,0x00,0x00,0xeb,0x15,0xeb,
    0x00,0x8d,0x45,0xf0,0x50,0xb8,0x00,0x00,0x00,0x00,0x6b,0xc0,
    0x04,0x59,0x01,0xc8,0x8b,0x00,0xeb,0x00,0x89,0xec,0x5d,0xc3,
    0x55,0x89,0xe5,0x83,0xec,0x14,0xb8,0x03,0x00,0x00,0x00,0x50,
    0x8d,0x45,0xec,0x59,0x89,0x08,0x8b,0x45,0x0c,0x50,0x8d,0x45,
    0xec,0x83,0xc0,0x04,0x59,0x89,0x08,0x8b,0x45,0x08,0x50,0x8d,
    0x45,0xec,0x83,0xc0,0x0c,0x59,0x89,0x08,0x8d,0x45,0xec,0x50,
    0xe8,0x9b,0xcb,0xff,0xff,0x83,0xc4,0x04,0xeb,0x00,0x89,0xec,
    0x5d,0xc3,0x55,0x89,0xe5,0x8b,0x45,0x08,0x50,0xb8,0x00,0x00,
    0x00,0x00,0x50,0xe8,0xb0,0xff,0xff,0xff,0x83,0xc4,0x08,0xeb,
    0x00,0x89,0xec,0x5d,0xc3,0x55,0x89,0xe5,0x8b,0x45,0x08,0x50,
    0xb8,0x01,0x00,0x00,0x00,0x50,0xe8,0x95,0xff,0xff,0xff,0x83,
    0xc4,0x08,0xeb,0x00,0x89,0xec,0x5d,0xc3,0x55,0x89,0xe5,0x8b,
    0x45,0x08,0x50,0xb8,0x02,0x00,0x00,0x00,0x50,0xe8,0x7a,0xff,
    0xff,0xff,0x83,0xc4,0x08,0xeb,0x00,0x89,0xec,0x5d,0xc3,0x55,
    0x89,0xe5,0x8b,0x45,0x08,0x50,0xb8,0x03,0x00,0x00,0x00,0x50,
    0xe8,0x5f,0xff,0xff,0xff,0x83,0xc4,0x08,0xeb,0x00,0x89,0xec,
    0x5d,0xc3,0x55,0x89,0xe5,0x83,0xec,0x14,0xb8,0x04,0x00,0x00,
    0x00,0x50,0x8d,0x45,0xec,0x59,0x89,0x08,0x8b,0x45,0x08,0x50,
    0x8d,0x45,0xec,0x83,0xc0,0x04,0x59,0x89,0x08,0x8b,0x45,0x0c,
    0x50,0x8d,0x45,0xec,0x83,0xc0,0x0c,0x59,0x89,0x08,0x8b,0x45,
    0x10,0x50,0x8d,0x45,0xec,0x83,0xc0,0x10,0x59,0x89,0x08,0x8d,
    0x45,0xec,0x50,0xe8,0xe4,0xca,0xff,0xff,0x83,0xc4,0x04,0xeb,
    0x00,0x89,0xec,0x5d,0xc3,0x55,0x89,0xe5,0x83,0xec,0x14,0xb8,
    0x05,0x00,0x00,0x00,0x50,0x8d,0x45,0xec,0x59,0x89,0x08,0xb8,
    0x00,0x00,0x00,0x00,0x50,0x8d,0x45,0xec,0x83,0xc0,0x04,0x59,
    0x89,0x08,0x8b,0x45,0x08,0x50,0x8d,0x45,0xec,0x83,0xc0,0x08,
    0x59,0x89,0x08,0x8b,0x45,0x0c,0x50,0x8d,0x45,0xec,0x83,0xc0,
    0x0c,0x59,0x89,0x08,0x8d,0x45,0xec,0x50,0xe8,0x97,0xca,0xff,
    0xff,0x83,0xc4,0x04,0xeb,0x00,0x89,0xec,0x5d,0xc3,0x55,0x89,
    0xe5,0x83,0xec,0x14,0xb8,0x06,0x00,0x00,0x00,0x50,0x8d,0x45,
    0xec,0x59,0x89,0x08,0xb8,0x00,0x00,0x00,0x00,0x50,0x8d,0x45,
    0xec,0x83,0xc0,0x04,0x59,0x89,0x08,0x8b,0x45,0x08,0x50,0x8d,
    0x45,0xec,0x83,0xc0,0x08,0x59,0x89,0x08,0x8b,0x45,0x0c,0x50,
    0x8d,0x45,0xec,0x83,0xc0,0x0c,0x59,0x89,0x08,0x8d,0x45,0xec,
    0x50,0xe8,0x4a,0xca,0xff,0xff,0x83,0xc4,0x04,0xeb,0x00,0x89,
    0xec,0x5d,0xc3,0x55,0x89,0xe5,0xb8,0x00,0x00,0x00,0x00,0x50,
    0x8b,0x45,0x08,0x50,0xe8,0x8c,0xfc,0xff,0xff,0x83,0xc4,0x08,
    0x50,0xe8,0xab,0xf1,0xff,0xff,0x83,0xc4,0x04,0xb8,0x2e,0x00,
    0x00,0x00,0x50,0xe8,0x3a,0xe6,0xff,0xff,0x83,0xc4,0x04,0xb8,
    0x01,0x00,0x00,0x00,0x50,0x8b,0x45,0x08,0x50,0xe8,0x63,0xfc,
    0xff,0xff,0x83,0xc4,0x08,0x50,0xe8,0x82,0xf1,0xff,0xff,0x83,
    0xc4,0x04,0xb8,0x2e,0x00,0x00,0x00,0x50,0xe8,0x11,0xe6,0xff,
    0xff,0x83,0xc4,0x04,0xb8,0x02,0x00,0x00,0x00,0x50,0x8b,0x45,
    0x08,0x50,0xe8,0x3a,0xfc,0xff,0xff,0x83,0xc4,0x08,0x50,0xe8,
    0x59,0xf1,0xff,0xff,0x83,0xc4,0x04,0xb8,0x2e,0x00,0x00,0x00,
    0x50,0xe8,0xe8,0xe5,0xff,0xff,0x83,0xc4,0x04,0xb8,0x03,0x00,
    0x00,0x00,0x50,0x8b,0x45,0x08,0x50,0xe8,0x11,0xfc,0xff,0xff,
    0x83,0xc4,0x08,0x50,0xe8,0x30,0xf1,0xff,0xff,0x83,0xc4,0x04,
    0x89,0xec,0x5d,0xc3,0x55,0x89,0xe5,0x83,0xec,0x08,0xb8,0x00,
    0x00,0x00,0x00,0x89,0x45,0xfc,0xb8,0x06,0x00,0x00,0x00,0x50,
    0x8b,0x45,0xfc,0x59,0x39,0xc8,0x0f,0x9c,0xc0,0x0f,0xb6,0xc0,
    0x85,0xc0,0x0f,0x84,0xac,0x00,0x00,0x00,0xb8,0x00,0x00,0x00,
    0x00,0x50,0x8b,0x45,0xfc,0x59,0x39,0xc8,0x0f,0x9f,0xc0,0x0f,
    0xb6,0xc0,0x85,0xc0,0x74,0x10,0xb8,0x3a,0x00,0x00,0x00,0x50,
    0xe8,0x7d,0xe5,0xff,0xff,0x83,0xc4,0x04,0xeb,0x00,0x8b,0x45,
    0x08,0x50,0x8b,0x45,0xfc,0x59,0x01,0xc8,0x0f,0xb6,0x00,0x50,
    0xb8,0x04,0x00,0x00,0x00,0x50,0x8d,0x45,0xf8,0x50,0xb8,0x00,
    0x00,0x00,0x00,0x59,0x01,0xc8,0x50,0xe8,0x20,0xef,0xff,0xff,
    0x83,0xc4,0x0c,0xb8,0x10,0x00,0x00,0x00,0x50,0x8b,0x45,0x08,
    0x50,0x8b,0x45,0xfc,0x59,0x01,0xc8,0x0f,0xb6,0x00,0x59,0x39,
    0xc8,0x0f,0x9c,0xc0,0x0f,0xb6,0xc0,0x85,0xc0,0x74,0x10,0xb8,
    0x30,0x00,0x00,0x00,0x50,0xe8,0x24,0xe5,0xff,0xff,0x83,0xc4,
    0x04,0xeb,0x00,0x8d,0x45,0xf8,0x50,0xb8,0x00,0x00,0x00,0x00,
    0x59,0x01,0xc8,0x50,0xe8,0xdd,0xe4,0xff,0xff,0x83,0xc4,0x04,
    0xb8,0x01,0x00,0x00,0x00,0x50,0x8b,0x45,0xfc,0x59,0x01,0xc8,
    0x50,0x8d,0x45,0xfc,0x59,0x89,0x08,0xe9,0x3a,0xff,0xff,0xff,
    0x89,0xec,0x5d,0xc3,0x55,0x89,0xe5,0x83,0xec,0x04,0xe8,0x26,
    0xf9,0xff,0xff,0x89,0x45,0xfc,0xb8,0xff,0xff,0x00,0x00,0x50,
    0xe8,0x2e,0xf6,0xff,0xff,0x83,0xc4,0x04,0xb8,0xff,0xff,0xff,
    0x00,0x50,0xb8,0x14,0x00,0x00,0x00,0x50,0x8b,0x45,0xfc,0x50,
    0xb8,0x00,0x00,0x00,0x00,0x50,0xb8,0x00,0x00,0x00,0x00,0x50,
    0xe8,0x86,0xf6,0xff,0xff,0x83,0xc4,0x14,0xb8,0x00,0x00,0x00,
    0x00,0x50,0xb8,0x14,0x00,0x00,0x00,0x50,0x8b,0x45,0xfc,0x50,
    0xb8,0x14,0x00,0x00,0x00,0x50,0xb8,0x00,0x00,0x00,0x00,0x50,
    0xe8,0x4e,0xf7,0xff,0xff,0x83,0xc4,0x14,0xb8,0xff,0xff,0xff,
    0x00,0x50,0xb8,0x00,0x00,0x00,0x00,0x50,0x8b,0x45,0x08,0x50,
    0xb8,0x04,0x00,0x00,0x00,0x50,0xb8,0x10,0x00,0x00,0x00,0x50,
    0xe8,0x9e,0xf7,0xff,0xff,0x83,0xc4,0x14,0x89,0xec,0x5d,0xc3,
    0x55,0x89,0xe5,0x83,0xec,0x0c,0xb8,0x00,0x00,0x00,0x00,0x50,
    0x8b,0x45,0x14,0x50,0x8b,0x45,0x10,0x50,0xb8,0x06,0x00,0x00,
    0x00,0x50,0x8b,0x45,0x0c,0x59,0x01,0xc8,0x50,0xb8,0x06,0x00,
    0x00,0x00,0x50,0x8b,0x45,0x08,0x59,0x01,0xc8,0x50,0xe8,0x04,
    0xf6,0xff,0xff,0x83,0xc4,0x14,0xb8,0xff,0xff,0xff,0x00,0x50,
    0x8b,0x45,0x14,0x50,0x8b,0x45,0x10,0x50,0x8b,0x45,0x0c,0x50,
    0x8b,0x45,0x08,0x50,0xe8,0xe6,0xf5,0xff,0xff,0x83,0xc4,0x14,
    0xb8,0x00,0x00,0x00,0x00,0x50,0x8b,0x45,0x14,0x50,0x8b,0x45,
    0x10,0x50,0x8b,0x45,0x0c,0x50,0x8b,0x45,0x08,0x50,0xe8,0xd8,
    0xf8,0xff,0xff,0x83,0xc4,0x14,0xb8,0x02,0x00,0x00,0x00,0x89,
    0x45,0xfc,0xb8,0x12,0x00,0x00,0x00,0x50,0x8b,0x45,0xfc,0x59,
    0x39,0xc8,0x0f,0x9c,0xc0,0x0f,0xb6,0xc0,0x85,0xc0,0x0f,0x84,
    0x82,0x00,0x00,0x00,0xb8,0x00,0x00,0x00,0x00,0x50,0xb8,0x02,
    0x00,0x00,0x00,0x50,0x8b,0x45,0xfc,0x59,0x31,0xd2,0xf7,0xf1,
    0x89,0xd0,0x59,0x39,0xc8,0x0f,0x94,0xc0,0x0f,0xb6,0xc0,0x85,
    0xc0,0x74,0x47,0xb8,0x00,0x00,0x00,0x00,0x50,0x8b,0x45,0xfc,
    0x50,0x8b,0x45,0x0c,0x59,0x01,0xc8,0x50,0xb8,0x03,0x00,0x00,
    0x00,0x50,0x8b,0x45,0x10,0x50,0x8b,0x45,0x08,0x59,0x01,0xc8,
    0x59,0x29,0xc8,0x50,0x8b,0x45,0xfc,0x50,0x8b,0x45,0x0c,0x59,
    0x01,0xc8,0x50,0xb8,0x02,0x00,0x00,0x00,0x50,0x8b,0x45,0x08,
    0x59,0x01,0xc8,0x50,0xe8,0x2a,0xf6,0xff,0xff,0x83,0xc4,0x14,
    0xeb,0x00,0xb8,0x01,0x00,0x00,0x00,0x50,0x8b,0x45,0xfc,0x59,
    0x01,0xc8,0x50,0x8d,0x45,0xfc,0x59,0x89,0x08,0xe9,0x64,0xff,
    0xff,0xff,0xb8,0x08,0x00,0x00,0x00,0x50,0x8b,0x45,0x18,0x50,
    0xe8,0xfc,0xe5,0xff,0xff,0x83,0xc4,0x04,0x59,0x0f,0xaf,0xc1,
    0x89,0x45,0xf8,0xb8,0x02,0x00,0x00,0x00,0x50,0x8b,0x45,0xf8,
    0x59,0x31,0xd2,0xf7,0xf1,0x50,0xb8,0x02,0x00,0x00,0x00,0x50,
    0x8b,0x45,0x10,0x59,0x31,0xd2,0xf7,0xf1,0x50,0x8b,0x45,0x08,
    0x59,0x01,0xc8,0x59,0x29,0xc8,0x89,0x45,0xf4,0xb8,0xff,0xff,
    0xff,0x00,0x50,0xb8,0x12,0x00,0x00,0x00,0x50,0xb8,0x10,0x00,
    0x00,0x00,0x50,0x8b,0x45,0xf8,0x59,0x01,0xc8,0x50,0xb8,0x01,
    0x00,0x00,0x00,0x50,0x8b,0x45,0x0c,0x59,0x01,0xc8,0x50,0xb8,
    0x08,0x00,0x00,0x00,0x50,0x8b,0x45,0xf4,0x59,0x29,0xc8,0x50,
    0xe8,0xa6,0xf4,0xff,0xff,0x83,0xc4,0x14,0xb8,0xff,0xff,0xff,
    0x00,0x50,0xb8,0x00,0x00,0x00,0x00,0x50,0x8b,0x45,0x18,0x50,
    0xb8,0x04,0x00,0x00,0x00,0x50,0x8b,0x45,0x0c,0x59,0x01,0xc8,
    0x50,0x8b,0x45,0xf4,0x50,0xe8,0xdd,0xf5,0xff,0xff,0x83,0xc4,
    0x14,0xb8,0xff,0xff,0xff,0x00,0x50,0xb8,0x0c,0x00,0x00,0x00,
    0x50,0xb8,0x0c,0x00,0x00,0x00,0x50,0xb8,0x04,0x00,0x00,0x00,
    0x50,0x8b,0x45,0x0c,0x59,0x01,0xc8,0x50,0xb8,0x06,0x00,0x00,
    0x00,0x50,0x8b,0x45,0x08,0x59,0x01,0xc8,0x50,0xe8,0x49,0xf4,
    0xff,0xff,0x83,0xc4,0x14,0xb8,0x00,0x00,0x00,0x00,0x50,0xb8,
    0x0c,0x00,0x00,0x00,0x50,0xb8,0x0c,0x00,0x00,0x00,0x50,0xb8,
    0x04,0x00,0x00,0x00,0x50,0x8b,0x45,0x0c,0x59,0x01,0xc8,0x50,
    0xb8,0x06,0x00,0x00,0x00,0x50,0x8b,0x45,0x08,0x59,0x01,0xc8,
    0x50,0xe8,0x25,0xf7,0xff,0xff,0x83,0xc4,0x14,0x89,0xec,0x5d,
    0xc3,0x55,0x89,0xe5,0x83,0xec,0x0c,0xb8,0x00,0x00,0x00,0x00,
    0x50,0x8b,0x45,0x14,0x50,0x8b,0x45,0x10,0x50,0xb8,0x02,0x00,
    0x00,0x00,0x50,0x8b,0x45,0x0c,0x59,0x01,0xc8,0x50,0xb8,0x02,
    0x00,0x00,0x00,0x50,0x8b,0x45,0x08,0x59,0x01,0xc8,0x50,0xe8,
    0xdb,0xf3,0xff,0xff,0x83,0xc4,0x14,0xb8,0x08,0x00,0x00,0x00,
    0x50,0x8b,0x45,0x18,0x50,0xe8,0xb3,0xe4,0xff,0xff,0x83,0xc4,
    0x04,0x59,0x0f,0xaf,0xc1,0x89,0x45,0xfc,0xb8,0x02,0x00,0x00,
    0x00,0x50,0x8b,0x45,0xfc,0x59,0x31,0xd2,0xf7,0xf1,0x50,0xb8,
    0x02,0x00,0x00,0x00,0x50,0x8b,0x45,0x10,0x59,0x31,0xd2,0xf7,
    0xf1,0x50,0x8b,0x45,0x08,0x59,0x01,0xc8,0x59,0x29,0xc8,0x89,
    0x45,0xf8,0xb8,0x08,0x00,0x00,0x00,0x50,0xb8,0x02,0x00,0x00,
    0x00,0x50,0x8b,0x45,0x14,0x59,0x31,0xd2,0xf7,0xf1,0x50,0x8b,
    0x45,0x0c,0x59,0x01,0xc8,0x59,0x29,0xc8,0x89,0x45,0xf4,0xb8,
    0x01,0x00,0x00,0x00,0x50,0x8b,0x45,0x1c,0x59,0x39,0xc8,0x0f,
    0x94,0xc0,0x0f,0xb6,0xc0,0x85,0xc0,0x74,0x5e,0xb8,0x00,0x00,
    0x00,0x00,0x50,0x8b,0x45,0x14,0x50,0x8b,0x45,0x10,0x50,0x8b,
    0x45,0x0c,0x50,0x8b,0x45,0x08,0x50,0xe8,0x43,0xf3,0xff,0xff,
    0x83,0xc4,0x14,0xb8,0xff,0xff,0xff,0x00,0x50,0x8b,0x45,0x14,
    0x50,0x8b,0x45,0x10,0x50,0x8b,0x45,0x0c,0x50,0x8b,0x45,0x08,
    0x50,0xe8,0x35,0xf6,0xff,0xff,0x83,0xc4,0x14,0xb8,0x00,0x00,
    0x00,0x00,0x50,0xb8,0xff,0xff,0xff,0x00,0x50,0x8b,0x45,0x18,
    0x50,0x8b,0x45,0xf4,0x50,0x8b,0x45,0xf8,0x50,0xe8,0x65,0xf4,
    0xff,0xff,0x83,0xc4,0x14,0xeb,0x5c,0xb8,0xff,0xff,0xff,0x00,
    0x50,0x8b,0x45,0x14,0x50,0x8b,0x45,0x10,0x50,0x8b,0x45,0x0c,
    0x50,0x8b,0x45,0x08,0x50,0xe8,0xe5,0xf2,0xff,0xff,0x83,0xc4,
    0x14,0xb8,0x00,0x00,0x00,0x00,0x50,0x8b,0x45,0x14,0x50,0x8b,
    0x45,0x10,0x50,0x8b,0x45,0x0c,0x50,0x8b,0x45,0x08,0x50,0xe8,
    0xd7,0xf5,0xff,0xff,0x83,0xc4,0x14,0xb8,0xff,0xff,0xff,0x00,
    0x50,0xb8,0x00,0x00,0x00,0x00,0x50,0x8b,0x45,0x18,0x50,0x8b,
    0x45,0xf4,0x50,0x8b,0x45,0xf8,0x50,0xe8,0x07,0xf4,0xff,0xff,
    0x83,0xc4,0x14,0x89,0xec,0x5d,0xc3,0x55,0x89,0xe5,0xb8,0x00,
    0x00,0x00,0x00,0x50,0xb8,0x0c,0x00,0x00,0x00,0x50,0xb8,0x0c,
    0x00,0x00,0x00,0x50,0xb8,0x04,0x00,0x00,0x00,0x50,0x8b,0x45,
    0x0c,0x59,0x01,0xc8,0x50,0xb8,0x06,0x00,0x00,0x00,0x50,0x8b,
    0x45,0x08,0x59,0x01,0xc8,0x50,0xe8,0x6c,0xf2,0xff,0xff,0x83,
    0xc4,0x14,0xb8,0xff,0xff,0xff,0x00,0x50,0xb8,0x0c,0x00,0x00,
    0x00,0x50,0xb8,0x0c,0x00,0x00,0x00,0x50,0xb8,0x04,0x00,0x00,
    0x00,0x50,0x8b,0x45,0x0c,0x59,0x01,0xc8,0x50,0xb8,0x06,0x00,
    0x00,0x00,0x50,0x8b,0x45,0x08,0x59,0x01,0xc8,0x50,0xe8,0x48,
    0xf5,0xff,0xff,0x83,0xc4,0x14,0x89,0xec,0x5d,0xc3,0x55,0x89,
    0xe5,0x8b,0x45,0x10,0x50,0x8b,0x45,0x08,0x59,0x39,0xc8,0x0f,
    0x9d,0xc0,0x0f,0xb6,0xc0,0x85,0xc0,0x74,0x17,0x8b,0x45,0x18,
    0x50,0x8b,0x45,0x10,0x59,0x01,0xc8,0x50,0x8b,0x45,0x08,0x59,
    0x39,0xc8,0x0f,0x9e,0xc0,0x0f,0xb6,0xc0,0x85,0xc0,0x0f,0x95,
    0xc0,0x0f,0xb6,0xc0,0x85,0xc0,0x74,0x42,0x8b,0x45,0x14,0x50,
    0x8b,0x45,0x0c,0x59,0x39,0xc8,0x0f,0x9d,0xc0,0x0f,0xb6,0xc0,
    0x85,0xc0,0x74,0x17,0x8b,0x45,0x1c,0x50,0x8b,0x45,0x14,0x59,
    0x01,0xc8,0x50,0x8b,0x45,0x0c,0x59,0x39,0xc8,0x0f,0x9e,0xc0,
    0x0f,0xb6,0xc0,0x85,0xc0,0x0f,0x95,0xc0,0x0f,0xb6,0xc0,0x85,
    0xc0,0x74,0x09,0xb8,0x01,0x00,0x00,0x00,0xeb,0x0b,0xeb,0x00,
    0xeb,0x00,0xb8,0x00,0x00,0x00,0x00,0xeb,0x00,0x89,0xec,0x5d,
    0xc3,0x55,0x89,0xe5,0xb8,0x00,0x00,0x00,0x00,0x50,0x8b,0x45,
    0x0c,0x50,0xb8,0x05,0x00,0x00,0x00,0x50,0x8b,0x45,0x08,0x59,
    0x01,0xc8,0x50,0x8b,0x45,0x0c,0x50,0xb8,0x05,0x00,0x00,0x00,
    0x50,0x8b,0x45,0x08,0x59,0x29,0xc8,0x50,0xe8,0x66,0xf2,0xff,
    0xff,0x83,0xc4,0x14,0xb8,0x00,0x00,0x00,0x00,0x50,0xb8,0x05,
    0x00,0x00,0x00,0x50,0x8b,0x45,0x0c,0x59,0x01,0xc8,0x50,0x8b,
    0x45,0x08,0x50,0xb8,0x05,0x00,0x00,0x00,0x50,0x8b,0x45,0x0c,
    0x59,0x29,0xc8,0x50,0x8b,0x45,0x08,0x50,0xe8,0x36,0xf2,0xff,
    0xff,0x83,0xc4,0x14,0xb8,0xff,0xff,0xff,0x00,0x50,0x8b,0x45,
    0x0c,0x50,0x8b,0x45,0x08,0x50,0xe8,0xa8,0xf1,0xff,0xff,0x83,
    0xc4,0x0c,0xb8,0xff,0xff,0xff,0x00,0x50,0x8b,0x45,0x0c,0x50,
    0xb8,0x01,0x00,0x00,0x00,0x50,0x8b,0x45,0x08,0x59,0x29,0xc8,
    0x50,0xe8,0x89,0xf1,0xff,0xff,0x83,0xc4,0x0c,0xb8,0xff,0xff,
    0xff,0x00,0x50,0x8b,0x45,0x0c,0x50,0xb8,0x01,0x00,0x00,0x00,
    0x50,0x8b,0x45,0x08,0x59,0x01,0xc8,0x50,0xe8,0x6a,0xf1,0xff,
    0xff,0x83,0xc4,0x0c,0xb8,0xff,0xff,0xff,0x00,0x50,0xb8,0x01,
    0x00,0x00,0x00,0x50,0x8b,0x45,0x0c,0x59,0x29,0xc8,0x50,0x8b,
    0x45,0x08,0x50,0xe8,0x4b,0xf1,0xff,0xff,0x83,0xc4,0x0c,0xb8,
    0xff,0xff,0xff,0x00,0x50,0xb8,0x01,0x00,0x00,0x00,0x50,0x8b,
    0x45,0x0c,0x59,0x01,0xc8,0x50,0x8b,0x45,0x08,0x50,0xe8,0x2c,
    0xf1,0xff,0xff,0x83,0xc4,0x0c,0x89,0xec,0x5d,0xc3,0x55,0x89,
    0xe5,0x83,0xec,0x08,0x8b,0x45,0x10,0x89,0x45,0xfc,0xb8,0x00,
    0x00,0x00,0x00,0x89,0x45,0xf8,0xb8,0x00,0x00,0x00,0x00,0x50,
    0x8b,0x45,0x10,0x59,0x39,0xc8,0x0f,0x9c,0xc0,0x0f,0xb6,0xc0,
    0x85,0xc0,0x74,0x36,0xb8,0x2d,0x00,0x00,0x00,0x50,0x8b,0x45,
    0x08,0x50,0xb8,0x00,0x00,0x00,0x00,0x59,0x01,0xc8,0x59,0x88,
    0x08,0xb8,0x01,0x00,0x00,0x00,0x50,0x8d,0x45,0xf8,0x59,0x89,
    0x08,0x8b,0x45,0x10,0x50,0xb8,0x00,0x00,0x00,0x00,0x59,0x29,
    0xc8,0x50,0x8d,0x45,0xfc,0x59,0x89,0x08,0xeb,0x00,0x8b,0x45,
    0xfc,0x50,0x8b,0x45,0xf8,0x50,0x8b,0x45,0x0c,0x59,0x29,0xc8,
    0x50,0x8b,0x45,0x08,0x50,0x8b,0x45,0xf8,0x59,0x01,0xc8,0x50,
    0xe8,0xd8,0xe6,0xff,0xff,0x83,0xc4,0x0c,0x89,0xec,0x5d,0xc3,
    0x55,0x89,0xe5,0xa1,0x7b,0x54,0x40,0x00,0x50,0xb8,0x10,0x00,
    0x00,0x00,0x50,0x8d,0x05,0x87,0x54,0x40,0x00,0x50,0xb8,0x00,
    0x00,0x00,0x00,0x59,0x01,0xc8,0x50,0xe8,0x56,0xff,0xff,0xff,
    0x83,0xc4,0x0c,0x89,0xec,0x5d,0xc3,0x55,0x89,0xe5,0xb8,0x01,
    0x00,0x00,0x00,0x50,0xa1,0x97,0x54,0x40,0x00,0x59,0x39,0xc8,
    0x0f,0x94,0xc0,0x0f,0xb6,0xc0,0x85,0xc0,0x74,0x21,0x8b,0x45,
    0x08,0x50,0x8d,0x05,0x7b,0x54,0x40,0x00,0x59,0x89,0x08,0xb8,
    0x00,0x00,0x00,0x00,0x50,0x8d,0x05,0x97,0x54,0x40,0x00,0x59,
    0x89,0x08,0xe9,0xb7,0x00,0x00,0x00,0xb8,0x7f,0x96,0x98,0x00,
    0x50,0xb8,0x00,0x00,0x00,0x00,0x59,0x29,0xc8,0x50,0xa1,0x7b,
    0x54,0x40,0x00,0x59,0x39,0xc8,0x0f,0x9f,0xc0,0x0f,0xb6,0xc0,
    0x85,0xc0,0x74,0x14,0xb8,0x7f,0x96,0x98,0x00,0x50,0xa1,0x7b,
    0x54,0x40,0x00,0x59,0x39,0xc8,0x0f,0x9c,0xc0,0x0f,0xb6,0xc0,
    0x85,0xc0,0x0f,0x95,0xc0,0x0f,0xb6,0xc0,0x85,0xc0,0x74,0x76,
    0xb8,0x00,0x00,0x00,0x00,0x50,0xa1,0x7b,0x54,0x40,0x00,0x59,
    0x39,0xc8,0x0f,0x9d,0xc0,0x0f,0xb6,0xc0,0x85,0xc0,0x74,0x22,
    0x8b,0x45,0x08,0x50,0xb8,0x0a,0x00,0x00,0x00,0x50,0xa1,0x7b,
    0x54,0x40,0x00,0x59,0x0f,0xaf,0xc1,0x59,0x01,0xc8,0x50,0x8d,
    0x05,0x7b,0x54,0x40,0x00,0x59,0x89,0x08,0xeb,0x00,0xb8,0x00,
    0x00,0x00,0x00,0x50,0xa1,0x7b,0x54,0x40,0x00,0x59,0x39,0xc8,
    0x0f,0x9c,0xc0,0x0f,0xb6,0xc0,0x85,0xc0,0x74,0x22,0x8b,0x45,
    0x08,0x50,0xb8,0x0a,0x00,0x00,0x00,0x50,0xa1,0x7b,0x54,0x40,
    0x00,0x59,0x0f,0xaf,0xc1,0x59,0x29,0xc8,0x50,0x8d,0x05,0x7b,
    0x54,0x40,0x00,0x59,0x89,0x08,0xeb,0x00,0xeb,0x00,0xe8,0xdd,
    0xfe,0xff,0xff,0x89,0xec,0x5d,0xc3,0x55,0x89,0xe5,0xb8,0x01,
    0x00,0x00,0x00,0x50,0xa1,0x83,0x54,0x40,0x00,0x59,0x39,0xc8,
    0x0f,0x94,0xc0,0x0f,0xb6,0xc0,0x85,0xc0,0x74,0x1a,0xa1,0x7b,
    0x54,0x40,0x00,0x50,0xa1,0x7f,0x54,0x40,0x00,0x59,0x01,0xc8,
    0x50,0x8d,0x05,0x7f,0x54,0x40,0x00,0x59,0x89,0x08,0xeb,0x00,
    0xb8,0x02,0x00,0x00,0x00,0x50,0xa1,0x83,0x54,0x40,0x00,0x59,
    0x39,0xc8,0x0f,0x94,0xc0,0x0f,0xb6,0xc0,0x85,0xc0,0x74,0x1a,
    0xa1,0x7b,0x54,0x40,0x00,0x50,0xa1,0x7f,0x54,0x40,0x00,0x59,
    0x29,0xc8,0x50,0x8d,0x05,0x7f,0x54,0x40,0x00,0x59,0x89,0x08,
    0xeb,0x00,0xb8,0x00,0x00,0x00,0x00,0x50,0xa1,0x83,0x54,0x40,
    0x00,0x59,0x39,0xc8,0x0f,0x94,0xc0,0x0f,0xb6,0xc0,0x85,0xc0,
    0x74,0x11,0xa1,0x7b,0x54,0x40,0x00,0x50,0x8d,0x05,0x7f,0x54,
    0x40,0x00,0x59,0x89,0x08,0xeb,0x00,0xa1,0x7f,0x54,0x40,0x00,
    0x50,0x8d,0x05,0x7b,0x54,0x40,0x00,0x59,0x89,0x08,0x8b,0x45,
    0x08,0x50,0x8d,0x05,0x83,0x54,0x40,0x00,0x59,0x89,0x08,0xb8,
    0x01,0x00,0x00,0x00,0x50,0x8d,0x05,0x97,0x54,0x40,0x00,0x59,
    0x89,0x08,0xe8,0x19,0xfe,0xff,0xff,0x89,0xec,0x5d,0xc3,0x55,
    0x89,0xe5,0xb8,0x00,0x00,0x00,0x00,0x50,0x8d,0x05,0x7b,0x54,
    0x40,0x00,0x59,0x89,0x08,0xb8,0x00,0x00,0x00,0x00,0x50,0x8d,
    0x05,0x7f,0x54,0x40,0x00,0x59,0x89,0x08,0xb8,0x00,0x00,0x00,
    0x00,0x50,0x8d,0x05,0x83,0x54,0x40,0x00,0x59,0x89,0x08,0xb8,
    0x01,0x00,0x00,0x00,0x50,0x8d,0x05,0x97,0x54,0x40,0x00,0x59,
    0x89,0x08,0xe8,0xd1,0xfd,0xff,0xff,0x89,0xec,0x5d,0xc3,0x55,
    0x89,0xe5,0x83,0xec,0x0c,0xb8,0x20,0x00,0x00,0x00,0x50,0x8b,
    0x45,0x10,0x59,0x0f,0xaf,0xc1,0x50,0xb8,0x10,0x00,0x00,0x00,
    0x50,0x8b,0x45,0x08,0x59,0x01,0xc8,0x59,0x01,0xc8,0x89,0x45,
    0xfc,0xb8,0x20,0x00,0x00,0x00,0x50,0x8b,0x45,0x14,0x59,0x0f,
    0xaf,0xc1,0x50,0xb8,0x3c,0x00,0x00,0x00,0x50,0x8b,0x45,0x0c,
    0x59,0x01,0xc8,0x59,0x01,0xc8,0x89,0x45,0xf8,0xb8,0x00,0x00,
    0x00,0x00,0x89,0x45,0xf4,0x8b,0x45,0x18,0x50,0xa1,0x6f,0x54,
    0x40,0x00,0x59,0x39,0xc8,0x0f,0x94,0xc0,0x0f,0xb6,0xc0,0x85,
    0xc0,0x74,0x0e,0xb8,0x01,0x00,0x00,0x00,0x50,0x8d,0x45,0xf4,
    0x59,0x89,0x08,0xeb,0x00,0x8b,0x45,0xf4,0x50,0x8b,0x45,0x1c,
    0x50,0xb8,0x1c,0x00,0x00,0x00,0x50,0xb8,0x1c,0x00,0x00,0x00,
    0x50,0x8b,0x45,0xf8,0x50,0x8b,0x45,0xfc,0x50,0xe8,0x57,0xf9,
    0xff,0xff,0x83,0xc4,0x18,0x89,0xec,0x5d,0xc3,0x55,0x89,0xe5,
    0x83,0xec,0x08,0xb8,0x20,0x00,0x00,0x00,0x50,0x8b,0x45,0x18,
    0x59,0x0f,0xaf,0xc1,0x50,0xb8,0x10,0x00,0x00,0x00,0x50,0x8b,
    0x45,0x10,0x59,0x01,0xc8,0x59,0x01,0xc8,0x89,0x45,0xfc,0xb8,
    0x20,0x00,0x00,0x00,0x50,0x8b,0x45,0x1c,0x59,0x0f,0xaf,0xc1,
    0x50,0xb8,0x3c,0x00,0x00,0x00,0x50,0x8b,0x45,0x14,0x59,0x01,
    0xc8,0x59,0x01,0xc8,0x89,0x45,0xf8,0xb8,0x1c,0x00,0x00,0x00,
    0x50,0xb8,0x1c,0x00,0x00,0x00,0x50,0x8b,0x45,0xf8,0x50,0x8b,
    0x45,0xfc,0x50,0x8b,0x45,0x0c,0x50,0x8b,0x45,0x08,0x50,0xe8,
    0xc6,0xfa,0xff,0xff,0x83,0xc4,0x18,0xeb,0x00,0x89,0xec,0x5d,
    0xc3,0x55,0x89,0xe5,0xb8,0xff,0xff,0x00,0x00,0x50,0x8b,0x45,
    0x18,0x50,0x8b,0x45,0x14,0x50,0x8b,0x45,0x10,0x50,0x8b,0x45,
    0x0c,0x50,0xe8,0xd0,0xec,0xff,0xff,0x83,0xc4,0x14,0xb8,0x14,
    0x00,0x00,0x00,0x50,0x8b,0x45,0x10,0x59,0x39,0xc8,0x0f,0x9c,
    0xc0,0x0f,0xb6,0xc0,0x85,0xc0,0x74,0x74,0xb8,0xff,0xff,0xff,
    0x00,0x50,0xb8,0x14,0x00,0x00,0x00,0x50,0xe8,0x14,0xef,0xff,
    0xff,0x50,0xb8,0x00,0x00,0x00,0x00,0x50,0xb8,0x00,0x00,0x00,
    0x00,0x50,0xe8,0x94,0xec,0xff,0xff,0x83,0xc4,0x14,0xb8,0x00,
    0x00,0x00,0x00,0x50,0xb8,0x14,0x00,0x00,0x00,0x50,0xe8,0xee,
    0xee,0xff,0xff,0x50,0xb8,0x14,0x00,0x00,0x00,0x50,0xb8,0x00,
    0x00,0x00,0x00,0x50,0xe8,0x5a,0xed,0xff,0xff,0x83,0xc4,0x14,
    0xb8,0xff,0xff,0xff,0x00,0x50,0xb8,0x00,0x00,0x00,0x00,0x50,
    0xb8,0x9b,0x54,0x40,0x00,0x50,0xb8,0x04,0x00,0x00,0x00,0x50,
    0xb8,0x10,0x00,0x00,0x00,0x50,0xe8,0xa8,0xed,0xff,0xff,0x83,
    0xc4,0x14,0xeb,0x00,0x89,0xec,0x5d,0xc3,0x55,0x89,0xe5,0x83,
    0xec,0x08,0x8b,0x45,0x08,0x50,0xe8,0xc1,0x04,0x00,0x00,0x83,
    0xc4,0x04,0x89,0x45,0xfc,0x8b,0x45,0x08,0x50,0xe8,0xd0,0x04,
    0x00,0x00,0x83,0xc4,0x04,0x89,0x45,0xf8,0xb8,0xbe,0x54,0x40,
    0x00,0x50,0xb8,0xd2,0x00,0x00,0x00,0x50,0xb8,0x9c,0x00,0x00,
    0x00,0x50,0x8b,0x45,0xf8,0x50,0x8b,0x45,0xfc,0x50,0xe8,0xc5,
    0xf5,0xff,0xff,0x83,0xc4,0x14,0xb8,0x02,0x00,0x00,0x00,0x50,
    0xb8,0x00,0x00,0x00,0x00,0x59,0x29,0xc8,0x50,0xa1,0x6f,0x54,
    0x40,0x00,0x59,0x39,0xc8,0x0f,0x94,0xc0,0x0f,0xb6,0xc0,0x85,
    0xc0,0x74,0x12,0x8b,0x45,0xf8,0x50,0x8b,0x45,0xfc,0x50,0xe8,
    0x2b,0xf9,0xff,0xff,0x83,0xc4,0x08,0xeb,0x00,0xb8,0xff,0xff,
    0xff,0x00,0x50,0xb8,0x18,0x00,0x00,0x00,0x50,0xb8,0x7c,0x00,
    0x00,0x00,0x50,0xb8,0x18,0x00,0x00,0x00,0x50,0x8b,0x45,0xf8,
    0x59,0x01,0xc8,0x50,0xb8,0x10,0x00,0x00,0x00,0x50,0x8b,0x45,
    0xfc,0x59,0x01,0xc8,0x50,0xe8,0x95,0xeb,0xff,0xff,0x83,0xc4,
    0x14,0xb8,0x00,0x00,0x00,0x00,0x50,0xb8,0x18,0x00,0x00,0x00,
    0x50,0xb8,0x7c,0x00,0x00,0x00,0x50,0xb8,0x18,0x00,0x00,0x00,
    0x50,0x8b,0x45,0xf8,0x59,0x01,0xc8,0x50,0xb8,0x10,0x00,0x00,
    0x00,0x50,0x8b,0x45,0xfc,0x59,0x01,0xc8,0x50,0xe8,0x71,0xee,
    0xff,0xff,0x83,0xc4,0x14,0xb8,0xff,0xff,0xff,0x00,0x50,0xb8,
    0x00,0x00,0x00,0x00,0x50,0x8d,0x05,0x87,0x54,0x40,0x00,0x50,
    0xb8,0x00,0x00,0x00,0x00,0x59,0x01,0xc8,0x50,0xb8,0x1e,0x00,
    0x00,0x00,0x50,0x8b,0x45,0xf8,0x59,0x01,0xc8,0x50,0xb8,0x14,
    0x00,0x00,0x00,0x50,0x8b,0x45,0xfc,0x59,0x01,0xc8,0x50,0xe8,
    0x83,0xec,0xff,0xff,0x83,0xc4,0x14,0xb8,0xc9,0x54,0x40,0x00,
    0x50,0xb8,0x07,0x00,0x00,0x00,0x50,0xb8,0x00,0x00,0x00,0x00,
    0x50,0xb8,0x00,0x00,0x00,0x00,0x50,0x8b,0x45,0xf8,0x50,0x8b,
    0x45,0xfc,0x50,0xe8,0x03,0xfd,0xff,0xff,0x83,0xc4,0x18,0xb8,
    0xcb,0x54,0x40,0x00,0x50,0xb8,0x08,0x00,0x00,0x00,0x50,0xb8,
    0x00,0x00,0x00,0x00,0x50,0xb8,0x01,0x00,0x00,0x00,0x50,0x8b,
    0x45,0xf8,0x50,0x8b,0x45,0xfc,0x50,0xe8,0xdb,0xfc,0xff,0xff,
    0x83,0xc4,0x18,0xb8,0xcd,0x54,0x40,0x00,0x50,0xb8,0x09,0x00,
    0x00,0x00,0x50,0xb8,0x00,0x00,0x00,0x00,0x50,0xb8,0x02,0x00,
    0x00,0x00,0x50,0x8b,0x45,0xf8,0x50,0x8b,0x45,0xfc,0x50,0xe8,
    0xb3,0xfc,0xff,0xff,0x83,0xc4,0x18,0xb8,0xcf,0x54,0x40,0x00,
    0x50,0xb8,0x0a,0x00,0x00,0x00,0x50,0xb8,0x00,0x00,0x00,0x00,
    0x50,0xb8,0x03,0x00,0x00,0x00,0x50,0x8b,0x45,0xf8,0x50,0x8b,
    0x45,0xfc,0x50,0xe8,0x8b,0xfc,0xff,0xff,0x83,0xc4,0x18,0xb8,
    0xd1,0x54,0x40,0x00,0x50,0xb8,0x04,0x00,0x00,0x00,0x50,0xb8,
    0x01,0x00,0x00,0x00,0x50,0xb8,0x00,0x00,0x00,0x00,0x50,0x8b,
    0x45,0xf8,0x50,0x8b,0x45,0xfc,0x50,0xe8,0x63,0xfc,0xff,0xff,
    0x83,0xc4,0x18,0xb8,0xd3,0x54,0x40,0x00,0x50,0xb8,0x05,0x00,
    0x00,0x00,0x50,0xb8,0x01,0x00,0x00,0x00,0x50,0xb8,0x01,0x00,
    0x00,0x00,0x50,0x8b,0x45,0xf8,0x50,0x8b,0x45,0xfc,0x50,0xe8,
    0x3b,0xfc,0xff,0xff,0x83,0xc4,0x18,0xb8,0xd5,0x54,0x40,0x00,
    0x50,0xb8,0x06,0x00,0x00,0x00,0x50,0xb8,0x01,0x00,0x00,0x00,
    0x50,0xb8,0x02,0x00,0x00,0x00,0x50,0x8b,0x45,0xf8,0x50,0x8b,
    0x45,0xfc,0x50,0xe8,0x13,0xfc,0xff,0xff,0x83,0xc4,0x18,0xb8,
    0xd7,0x54,0x40,0x00,0x50,0xb8,0x0b,0x00,0x00,0x00,0x50,0xb8,
    0x01,0x00,0x00,0x00,0x50,0xb8,0x03,0x00,0x00,0x00,0x50,0x8b,
    0x45,0xf8,0x50,0x8b,0x45,0xfc,0x50,0xe8,0xeb,0xfb,0xff,0xff,
    0x83,0xc4,0x18,0xb8,0xd9,0x54,0x40,0x00,0x50,0xb8,0x01,0x00,
    0x00,0x00,0x50,0xb8,0x02,0x00,0x00,0x00,0x50,0xb8,0x00,0x00,
    0x00,0x00,0x50,0x8b,0x45,0xf8,0x50,0x8b,0x45,0xfc,0x50,0xe8,
    0xc3,0xfb,0xff,0xff,0x83,0xc4,0x18,0xb8,0xdb,0x54,0x40,0x00,
    0x50,0xb8,0x02,0x00,0x00,0x00,0x50,0xb8,0x02,0x00,0x00,0x00,
    0x50,0xb8,0x01,0x00,0x00,0x00,0x50,0x8b,0x45,0xf8,0x50,0x8b,
    0x45,0xfc,0x50,0xe8,0x9b,0xfb,0xff,0xff,0x83,0xc4,0x18,0xb8,
    0xdd,0x54,0x40,0x00,0x50,0xb8,0x03,0x00,0x00,0x00,0x50,0xb8,
    0x02,0x00,0x00,0x00,0x50,0xb8,0x02,0x00,0x00,0x00,0x50,0x8b,
    0x45,0xf8,0x50,0x8b,0x45,0xfc,0x50,0xe8,0x73,0xfb,0xff,0xff,
    0x83,0xc4,0x18,0xb8,0xdf,0x54,0x40,0x00,0x50,0xb8,0x0c,0x00,
    0x00,0x00,0x50,0xb8,0x02,0x00,0x00,0x00,0x50,0xb8,0x03,0x00,
    0x00,0x00,0x50,0x8b,0x45,0xf8,0x50,0x8b,0x45,0xfc,0x50,0xe8,
    0x4b,0xfb,0xff,0xff,0x83,0xc4,0x18,0xb8,0xe1,0x54,0x40,0x00,
    0x50,0xb8,0x0d,0x00,0x00,0x00,0x50,0xb8,0x03,0x00,0x00,0x00,
    0x50,0xb8,0x00,0x00,0x00,0x00,0x50,0x8b,0x45,0xf8,0x50,0x8b,
    0x45,0xfc,0x50,0xe8,0x23,0xfb,0xff,0xff,0x83,0xc4,0x18,0xb8,
    0xe3,0x54,0x40,0x00,0x50,0xb8,0x00,0x00,0x00,0x00,0x50,0xb8,
    0x03,0x00,0x00,0x00,0x50,0xb8,0x01,0x00,0x00,0x00,0x50,0x8b,
    0x45,0xf8,0x50,0x8b,0x45,0xfc,0x50,0xe8,0xfb,0xfa,0xff,0xff,
    0x83,0xc4,0x18,0x89,0xec,0x5d,0xc3,0x55,0x89,0xe5,0xa1,0x77,
    0x54,0x40,0x00,0x50,0xa1,0x73,0x54,0x40,0x00,0x50,0xe8,0x2e,
    0xf7,0xff,0xff,0x83,0xc4,0x08,0x89,0xec,0x5d,0xc3,0x55,0x89,
    0xe5,0xb8,0x00,0x00,0x00,0x00,0x50,0x8d,0x05,0xa5,0x56,0x40,
    0x00,0x59,0x89,0x08,0x89,0xec,0x5d,0xc3,0x55,0x89,0xe5,0x83,
    0xec,0x04,0xb8,0x10,0x00,0x00,0x00,0x50,0xa1,0xa5,0x56,0x40,
    0x00,0x59,0x39,0xc8,0x0f,0x9d,0xc0,0x0f,0xb6,0xc0,0x85,0xc0,
    0x74,0x15,0xb8,0x01,0x00,0x00,0x00,0x50,0xb8,0x00,0x00,0x00,
    0x00,0x59,0x29,0xc8,0xe9,0xdc,0x00,0x00,0x00,0xeb,0x00,0xa1,
    0xa5,0x56,0x40,0x00,0x89,0x45,0xfc,0x8b,0x45,0x08,0x50,0x8d,
    0x05,0xe5,0x54,0x40,0x00,0x50,0x8b,0x45,0xfc,0x6b,0xc0,0x1c,
    0x59,0x01,0xc8,0x59,0x89,0x08,0x8b,0x45,0x0c,0x50,0x8d,0x05,
    0xe5,0x54,0x40,0x00,0x50,0x8b,0x45,0xfc,0x6b,0xc0,0x1c,0x59,
    0x01,0xc8,0x83,0xc0,0x04,0x59,0x89,0x08,0x8b,0x45,0x10,0x50,
    0x8d,0x05,0xe5,0x54,0x40,0x00,0x50,0x8b,0x45,0xfc,0x6b,0xc0,
    0x1c,0x59,0x01,0xc8,0x83,0xc0,0x08,0x59,0x89,0x08,0x8b,0x45,
    0x14,0x50,0x8d,0x05,0xe5,0x54,0x40,0x00,0x50,0x8b,0x45,0xfc,
    0x6b,0xc0,0x1c,0x59,0x01,0xc8,0x83,0xc0,0x0c,0x59,0x89,0x08,
    0x8b,0x45,0x18,0x50,0x8d,0x05,0xe5,0x54,0x40,0x00,0x50,0x8b,
    0x45,0xfc,0x6b,0xc0,0x1c,0x59,0x01,0xc8,0x83,0xc0,0x10,0x59,
    0x89,0x08,0xb8,0x01,0x00,0x00,0x00,0x50,0x8d,0x05,0xe5,0x54,
    0x40,0x00,0x50,0x8b,0x45,0xfc,0x6b,0xc0,0x1c,0x59,0x01,0xc8,
    0x83,0xc0,0x14,0x59,0x89,0x08,0x8b,0x45,0x1c,0x50,0x8d,0x05,
    0xe5,0x54,0x40,0x00,0x50,0x8b,0x45,0xfc,0x6b,0xc0,0x1c,0x59,
    0x01,0xc8,0x83,0xc0,0x18,0x59,0x89,0x08,0xb8,0x01,0x00,0x00,
    0x00,0x50,0xa1,0xa5,0x56,0x40,0x00,0x59,0x01,0xc8,0x50,0x8d,
    0x05,0xa5,0x56,0x40,0x00,0x59,0x89,0x08,0x8b,0x45,0xfc,0xeb,
    0x00,0x89,0xec,0x5d,0xc3,0x55,0x89,0xe5,0x8b,0x45,0x0c,0x50,
    0x8d,0x05,0xe5,0x54,0x40,0x00,0x50,0x8b,0x45,0x08,0x6b,0xc0,
    0x1c,0x59,0x01,0xc8,0x83,0xc0,0x04,0x59,0x89,0x08,0x8b,0x45,
    0x10,0x50,0x8d,0x05,0xe5,0x54,0x40,0x00,0x50,0x8b,0x45,0x08,
    0x6b,0xc0,0x1c,0x59,0x01,0xc8,0x83,0xc0,0x08,0x59,0x89,0x08,
    0x89,0xec,0x5d,0xc3,0x55,0x89,0xe5,0x8d,0x05,0xe5,0x54,0x40,
    0x00,0x50,0x8b,0x45,0x08,0x6b,0xc0,0x1c,0x59,0x01,0xc8,0x83,
    0xc0,0x04,0x8b,0x00,0xeb,0x00,0x89,0xec,0x5d,0xc3,0x55,0x89,
    0xe5,0x8d,0x05,0xe5,0x54,0x40,0x00,0x50,0x8b,0x45,0x08,0x6b,
    0xc0,0x1c,0x59,0x01,0xc8,0x83,0xc0,0x08,0x8b,0x00,0xeb,0x00,
    0x89,0xec,0x5d,0xc3,0x55,0x89,0xe5,0x8b,0x45,0x18,0x50,0x8b,
    0x45,0x10,0x50,0x8b,0x45,0x08,0x59,0x01,0xc8,0x59,0x39,0xc8,
    0x0f,0x9e,0xc0,0x0f,0xb6,0xc0,0x85,0xc0,0x74,0x09,0xb8,0x00,
    0x00,0x00,0x00,0xeb,0x75,0xeb,0x00,0x8b,0x45,0x08,0x50,0x8b,
    0x45,0x20,0x50,0x8b,0x45,0x18,0x59,0x01,0xc8,0x59,0x39,0xc8,
    0x0f,0x9e,0xc0,0x0f,0xb6,0xc0,0x85,0xc0,0x74,0x09,0xb8,0x00,
    0x00,0x00,0x00,0xeb,0x51,0xeb,0x00,0x8b,0x45,0x1c,0x50,0x8b,
    0x45,0x14,0x50,0x8b,0x45,0x0c,0x59,0x01,0xc8,0x59,0x39,0xc8,
    0x0f,0x9e,0xc0,0x0f,0xb6,0xc0,0x85,0xc0,0x74,0x09,0xb8,0x00,
    0x00,0x00,0x00,0xeb,0x2d,0xeb,0x00,0x8b,0x45,0x0c,0x50,0x8b,
    0x45,0x24,0x50,0x8b,0x45,0x1c,0x59,0x01,0xc8,0x59,0x39,0xc8,
    0x0f,0x9e,0xc0,0x0f,0xb6,0xc0,0x85,0xc0,0x74,0x09,0xb8,0x00,
    0x00,0x00,0x00,0xeb,0x09,0xeb,0x00,0xb8,0x01,0x00,0x00,0x00,
    0xeb,0x00,0x89,0xec,0x5d,0xc3,0x55,0x89,0xe5,0x83,0xec,0x14,
    0xb8,0x00,0x00,0x00,0x00,0x89,0x45,0xfc,0xa1,0xa5,0x56,0x40,
    0x00,0x50,0x8b,0x45,0xfc,0x59,0x39,0xc8,0x0f,0x9c,0xc0,0x0f,
    0xb6,0xc0,0x85,0xc0,0x74,0x2c,0x8b,0x45,0xfc,0x50,0x8d,0x05,
    0xa9,0x56,0x40,0x00,0x50,0x8b,0x45,0xfc,0x6b,0xc0,0x04,0x59,
    0x01,0xc8,0x59,0x89,0x08,0xb8,0x01,0x00,0x00,0x00,0x50,0x8b,
    0x45,0xfc,0x59,0x01,0xc8,0x50,0x8d,0x45,0xfc,0x59,0x89,0x08,
    0xeb,0xbe,0xb8,0x01,0x00,0x00,0x00,0x89,0x45,0xf8,0xb8,0x01,
    0x00,0x00,0x00,0x50,0x8b,0x45,0xf8,0x59,0x39,0xc8,0x0f,0x94,
    0xc0,0x0f,0xb6,0xc0,0x85,0xc0,0x0f,0x84,0xfe,0x00,0x00,0x00,
    0xb8,0x00,0x00,0x00,0x00,0x50,0x8d,0x45,0xf8,0x59,0x89,0x08,
    0xb8,0x00,0x00,0x00,0x00,0x89,0x45,0xf4,0xa1,0xa5,0x56,0x40,
    0x00,0x50,0xb8,0x01,0x00,0x00,0x00,0x50,0x8b,0x45,0xf4,0x59,
    0x01,0xc8,0x59,0x39,0xc8,0x0f,0x9c,0xc0,0x0f,0xb6,0xc0,0x85,
    0xc0,0x0f,0x84,0xc2,0x00,0x00,0x00,0x8d,0x05,0xa9,0x56,0x40,
    0x00,0x50,0x8b,0x45,0xf4,0x6b,0xc0,0x04,0x59,0x01,0xc8,0x8b,
    0x00,0x89,0x45,0xf0,0x8d,0x05,0xa9,0x56,0x40,0x00,0x50,0xb8,
    0x01,0x00,0x00,0x00,0x50,0x8b,0x45,0xf4,0x59,0x01,0xc8,0x6b,
    0xc0,0x04,0x59,0x01,0xc8,0x8b,0x00,0x89,0x45,0xec,0x8d,0x05,
    0xe5,0x54,0x40,0x00,0x50,0x8b,0x45,0xec,0x6b,0xc0,0x1c,0x59,
    0x01,0xc8,0x8b,0x00,0x50,0x8d,0x05,0xe5,0x54,0x40,0x00,0x50,
    0x8b,0x45,0xf0,0x6b,0xc0,0x1c,0x59,0x01,0xc8,0x8b,0x00,0x59,
    0x39,0xc8,0x0f,0x9f,0xc0,0x0f,0xb6,0xc0,0x85,0xc0,0x74,0x45,
    0x8b,0x45,0xec,0x50,0x8d,0x05,0xa9,0x56,0x40,0x00,0x50,0x8b,
    0x45,0xf4,0x6b,0xc0,0x04,0x59,0x01,0xc8,0x59,0x89,0x08,0x8b,
    0x45,0xf0,0x50,0x8d,0x05,0xa9,0x56,0x40,0x00,0x50,0xb8,0x01,
    0x00,0x00,0x00,0x50,0x8b,0x45,0xf4,0x59,0x01,0xc8,0x6b,0xc0,
    0x04,0x59,0x01,0xc8,0x59,0x89,0x08,0xb8,0x01,0x00,0x00,0x00,
    0x50,0x8d,0x45,0xf8,0x59,0x89,0x08,0xeb,0x00,0xb8,0x01,0x00,
    0x00,0x00,0x50,0x8b,0x45,0xf4,0x59,0x01,0xc8,0x50,0x8d,0x45,
    0xf4,0x59,0x89,0x08,0xe9,0x1b,0xff,0xff,0xff,0xe9,0xe8,0xfe,
    0xff,0xff,0x89,0xec,0x5d,0xc3,0x55,0x89,0xe5,0x83,0xec,0x08,
    0xe8,0x81,0xfe,0xff,0xff,0xb8,0x00,0x00,0x00,0x00,0x89,0x45,
    0xfc,0xa1,0xa5,0x56,0x40,0x00,0x50,0x8b,0x45,0xfc,0x59,0x39,
    0xc8,0x0f,0x9c,0xc0,0x0f,0xb6,0xc0,0x85,0xc0,0x0f,0x84,0x0e,
    0x01,0x00,0x00,0x8d,0x05,0xa9,0x56,0x40,0x00,0x50,0x8b,0x45,
    0xfc,0x6b,0xc0,0x04,0x59,0x01,0xc8,0x8b,0x00,0x89,0x45,0xf8,
    0xb8,0x01,0x00,0x00,0x00,0x50,0x8d,0x05,0xe5,0x54,0x40,0x00,
    0x50,0x8b,0x45,0xf8,0x6b,0xc0,0x1c,0x59,0x01,0xc8,0x83,0xc0,
    0x14,0x8b,0x00,0x59,0x39,0xc8,0x0f,0x94,0xc0,0x0f,0xb6,0xc0,
    0x85,0xc0,0x0f,0x84,0xb5,0x00,0x00,0x00,0xb8,0x01,0x00,0x00,
    0x00,0x50,0x8d,0x05,0xe5,0x54,0x40,0x00,0x50,0x8b,0x45,0xf8,
    0x6b,0xc0,0x1c,0x59,0x01,0xc8,0x83,0xc0,0x10,0x8b,0x00,0x50,
    0x8d,0x05,0xe5,0x54,0x40,0x00,0x50,0x8b,0x45,0xf8,0x6b,0xc0,
    0x1c,0x59,0x01,0xc8,0x83,0xc0,0x0c,0x8b,0x00,0x50,0x8d,0x05,
    0xe5,0x54,0x40,0x00,0x50,0x8b,0x45,0xf8,0x6b,0xc0,0x1c,0x59,
    0x01,0xc8,0x83,0xc0,0x08,0x8b,0x00,0x50,0x8d,0x05,0xe5,0x54,
    0x40,0x00,0x50,0x8b,0x45,0xf8,0x6b,0xc0,0x1c,0x59,0x01,0xc8,
    0x83,0xc0,0x04,0x8b,0x00,0x50,0x8b,0x45,0x14,0x50,0x8b,0x45,
    0x10,0x50,0x8b,0x45,0x0c,0x50,0x8b,0x45,0x08,0x50,0xe8,0x0d,
    0xfd,0xff,0xff,0x83,0xc4,0x20,0x59,0x39,0xc8,0x0f,0x94,0xc0,
    0x0f,0xb6,0xc0,0x85,0xc0,0x74,0x30,0x8b,0x45,0x14,0x50,0x8b,
    0x45,0x10,0x50,0x8b,0x45,0x0c,0x50,0x8b,0x45,0x08,0x50,0x8b,
    0x45,0xf8,0x50,0x8d,0x05,0xe5,0x54,0x40,0x00,0x50,0x8b,0x45,
    0xf8,0x6b,0xc0,0x1c,0x59,0x01,0xc8,0x83,0xc0,0x18,0x8b,0x00,
    0xff,0xd0,0x83,0xc4,0x14,0xeb,0x00,0xeb,0x00,0xb8,0x01,0x00,
    0x00,0x00,0x50,0x8b,0x45,0xfc,0x59,0x01,0xc8,0x50,0x8d,0x45,
    0xfc,0x59,0x89,0x08,0xe9,0xd8,0xfe,0xff,0xff,0x89,0xec,0x5d,
    0xc3,0x55,0x89,0xe5,0xe8,0x99,0xe6,0xff,0xff,0x50,0xe8,0x42,
    0xe6,0xff,0xff,0x50,0xb8,0x00,0x00,0x00,0x00,0x50,0xb8,0x00,
    0x00,0x00,0x00,0x50,0xe8,0xa1,0xfe,0xff,0xff,0x83,0xc4,0x10,
    0x89,0xec,0x5d,0xc3,0x00,0x00,0x00,0x00,0x00,0x00,0x00,0x00,
    0x00,0x00,0x00,0x00,0x00,0x00,0x00,0x00,0x00,0x00,0x00,0x00,
    0x00,0x00,0x00,0x00,0x00,0x00,0x00,0x00,0x00,0x00,0x00,0x00,
    0x00,0x00,0x00,0x00,0x00,0x00,0x00,0x00,0x00,0x00,0x00,0x00,
    0x00,0x00,0x00,0x00,0x00,0x00,0x00,0x00,0x00,0x00,0x00,0x00,
    0x00,0x00,0x00,0x00,0x00,0x00,0x00,0x00,0x00,0x00,0x00,0x00,
    0x00,0x00,0x00,0x00,0x00,0x00,0x00,0x00,0x00,0x00,0x00,0x00,
    0x00,0x00,0x00,0x00,0x00,0x00,0x00,0x00,0x00,0x00,0x00,0x00,
    0x00,0x00,0x00,0x00,0x00,0x00,0x00,0x00,0x00,0x00,0x00,0x00,
    0x00,0x00,0x00,0x00,0x00,0x00,0x00,0x00,0x00,0x00,0x00,0x00,
    0x00,0x00,0x00,0x00,0x00,0x00,0x00,0x00,0x00,0x00,0x00,0x00,
    0x00,0x00,0x00,0x00,0x00,0x00,0x00,0x00,0x00,0x00,0x00,0x00,
    0x00,0x00,0x00,0x00,0x00,0x00,0x00,0x00,0x00,0x00,0x00,0x00,
    0x00,0x00,0x00,0x00,0x00,0x00,0x00,0x00,0x00,0x00,0x00,0x00,
    0x00,0x00,0x00,0x00,0x00,0x00,0x00,0x00,0x00,0x00,0x00,0x00,
    0x00,0x00,0x00,0x00,0x00,0x00,0x00,0x00,0x00,0x00,0x00,0x00,
    0x00,0x00,0x00,0x00,0x00,0x00,0x00,0x00,0x20,0x20,0x00,0x70,
    0x69,0x64,0x20,0x00,0x20,0x20,0x75,0x69,0x64,0x20,0x00,0x6c,
    0x65,0x6e,0x67,0x74,0x68,0x20,0x20,0x20,0x00,0x66,0x69,0x72,
    0x73,0x74,0x20,0x65,0x20,0x20,0x00,0x6e,0x6f,0x74,0x20,0x66,
    0x6f,0x75,0x6e,0x64,0x00,0x69,0x73,0x20,0x65,0x63,0x68,0x6f,
    0x3f,0x20,0x00,0x65,0x63,0x68,0x6f,0x00,0x68,0x65,0x6c,0x6c,
    0x6f,0x00,0x6d,0x65,0x6d,0x63,0x70,0x79,0x20,0x20,0x20,0x00,
    0x6d,0x65,0x6d,0x63,0x6d,0x70,0x20,0x20,0x20,0x00,0x20,0x28,
    0x31,0x20,0x3d,0x20,0x65,0x71,0x75,0x61,0x6c,0x29,0x00,0x6d,
    0x65,0x6d,0x6d,0x6f,0x76,0x65,0x20,0x20,0x00,0x20,0x20,0x28,
    0x6f,0x76,0x65,0x72,0x6c,0x61,0x70,0x2d,0x73,0x61,0x66,0x65,
    0x29,0x00,0x32,0x2f,0x33,0x20,0x20,0x20,0x20,0x20,0x20,0x20,
    0x20,0x00,0x31,0x35,0x25,0x20,0x6f,0x66,0x20,0x32,0x30,0x30,
    0x20,0x00,0x6c,0x65,0x72,0x70,0x20,0x30,0x2e,0x2e,0x31,0x30,
    0x20,0x00,0x20,0x28,0x71,0x75,0x61,0x72,0x74,0x65,0x72,0x29,
    0x00,0x43,0x58,0x4b,0x00,0x70,0x72,0x65,0x73,0x73,0x20,0x61,
    0x6e,0x79,0x20,0x6b,0x65,0x79,0x00,0x43,0x58,0x4b,0x20,0x76,
    0x35,0x20,0x2d,0x20,0x73,0x68,0x65,0x6c,0x6c,0x20,0x69,0x6e,
    0x20,0x58,0x20,0x6e,0x61,0x74,0x69,0x76,0x65,0x2c,0x20,0x00,
    0x20,0x63,0x6f,0x6d,0x6d,0x61,0x6e,0x64,0x73,0x0a,0x00,0x72,
    0x65,0x62,0x6f,0x6f,0x74,0x69,0x6e,0x67,0x2e,0x2e,0x2e,0x0a,
    0x00,0x6e,0x65,0x74,0x3a,0x20,0x69,0x6e,0x74,0x65,0x72,0x66,
    0x61,0x63,0x65,0x20,0x64,0x6f,0x77,0x6e,0x20,0x28,0x6e,0x6f,
    0x20,0x65,0x31,0x30,0x30,0x30,0x20,0x66,0x6f,0x75,0x6e,0x64,
    0x29,0x0a,0x00,0x20,0x20,0x6d,0x61,0x63,0x20,0x20,0x20,0x20,
    0x20,0x20,0x00,0x20,0x20,0x69,0x70,0x20,0x20,0x20,0x20,0x20,
    0x20,0x20,0x00,0x20,0x20,0x6d,0x61,0x73,0x6b,0x20,0x20,0x20,
    0x20,0x20,0x00,0x20,0x20,0x67,0x61,0x74,0x65,0x77,0x61,0x79,
    0x20,0x20,0x00,0x20,0x20,0x64,0x6e,0x73,0x20,0x20,0x20,0x20,
    0x20,0x20,0x00,0x75,0x73,0x61,0x67,0x65,0x3a,0x20,0x73,0x65,
    0x74,0x69,0x70,0x20,0x61,0x2e,0x62,0x2e,0x63,0x2e,0x64,0x0a,
    0x00,0x69,0x70,0x20,0x73,0x65,0x74,0x20,0x74,0x6f,0x20,0x00,
    0x75,0x73,0x61,0x67,0x65,0x3a,0x20,0x70,0x69,0x6e,0x67,0x20,
    0x61,0x2e,0x62,0x2e,0x63,0x2e,0x64,0x0a,0x00,0x6e,0x65,0x74,
    0x3a,0x20,0x69,0x6e,0x74,0x65,0x72,0x66,0x61,0x63,0x65,0x20,
    0x64,0x6f,0x77,0x6e,0x0a,0x00,0x20,0x20,0x73,0x65,0x71,0x20,
    0x00,0x20,0x20,0x72,0x65,0x70,0x6c,0x79,0x20,0x66,0x72,0x6f,
    0x6d,0x20,0x00,0x20,0x6d,0x73,0x00,0x20,0x20,0x6e,0x6f,0x20,
    0x72,0x65,0x70,0x6c,0x79,0x00,0x73,0x68,0x75,0x74,0x74,0x69,
    0x6e,0x67,0x20,0x64,0x6f,0x77,0x6e,0x2e,0x2e,0x2e,0x0a,0x00,
    0x73,0x68,0x75,0x74,0x64,0x6f,0x77,0x6e,0x20,0x75,0x6e,0x61,
    0x76,0x61,0x69,0x6c,0x61,0x62,0x6c,0x65,0x20,0x28,0x6e,0x6f,
    0x20,0x41,0x43,0x50,0x49,0x20,0x53,0x35,0x29,0x20,0x2d,0x20,
    0x75,0x73,0x65,0x20,0x72,0x65,0x62,0x6f,0x6f,0x74,0x0a,0x00,
    0x6c,0x69,0x73,0x74,0x20,0x63,0x6f,0x6d,0x6d,0x61,0x6e,0x64,
    0x73,0x00,0x68,0x65,0x6c,0x70,0x00,0x70,0x72,0x69,0x6e,0x74,
    0x20,0x74,0x68,0x65,0x20,0x72,0x65,0x73,0x74,0x20,0x6f,0x66,
    0x20,0x74,0x68,0x65,0x20,0x6c,0x69,0x6e,0x65,0x00,0x70,0x72,
    0x6f,0x63,0x65,0x73,0x73,0x20,0x61,0x6e,0x64,0x20,0x75,0x73,
    0x65,0x72,0x20,0x69,0x64,0x00,0x70,0x69,0x64,0x00,0x73,0x74,
    0x72,0x69,0x6e,0x67,0x20,0x6c,0x69,0x62,0x72,0x61,0x72,0x79,
    0x20,0x64,0x65,0x6d,0x6f,0x00,0x73,0x74,0x72,0x00,0x6d,0x65,
    0x6d,0x6f,0x72,0x79,0x20,0x6c,0x69,0x62,0x72,0x61,0x72,0x79,
    0x20,0x64,0x65,0x6d,0x6f,0x00,0x6d,0x65,0x6d,0x00,0x66,0x69,
    0x78,0x65,0x64,0x2d,0x70,0x6f,0x69,0x6e,0x74,0x20,0x64,0x65,
    0x6d,0x6f,0x00,0x6d,0x61,0x74,0x68,0x00,0x64,0x72,0x61,0x77,
    0x20,0x74,0x6f,0x20,0x74,0x68,0x65,0x20,0x66,0x72,0x61,0x6d,
    0x65,0x62,0x75,0x66,0x66,0x65,0x72,0x00,0x67,0x75,0x69,0x00,
    0x47,0x45,0x4f,0x53,0x20,0x73,0x74,0x79,0x6c,0x65,0x20,0x47,
    0x55,0x49,0x20,0x6d,0x6f,0x63,0x6b,0x00,0x67,0x75,0x69,0x64,
    0x65,0x6d,0x6f,0x00,0x76,0x65,0x72,0x73,0x69,0x6f,0x6e,0x00,
    0x76,0x65,0x72,0x00,0x6e,0x65,0x74,0x77,0x6f,0x72,0x6b,0x20,
    0x69,0x6e,0x74,0x65,0x72,0x66,0x61,0x63,0x65,0x20,0x73,0x74,
    0x61,0x74,0x75,0x73,0x00,0x69,0x66,0x63,0x6f,0x6e,0x66,0x69,
    0x67,0x00,0x73,0x65,0x74,0x20,0x74,0x68,0x65,0x20,0x6c,0x6f,
    0x63,0x61,0x6c,0x20,0x49,0x50,0x20,0x61,0x64,0x64,0x72,0x65,
    0x73,0x73,0x00,0x73,0x65,0x74,0x69,0x70,0x00,0x49,0x43,0x4d,
    0x50,0x20,0x65,0x63,0x68,0x6f,0x20,0x61,0x20,0x68,0x6f,0x73,
    0x74,0x00,0x70,0x69,0x6e,0x67,0x00,0x72,0x65,0x73,0x74,0x61,
    0x72,0x74,0x20,0x74,0x68,0x65,0x20,0x6d,0x61,0x63,0x68,0x69,
    0x6e,0x65,0x00,0x72,0x65,0x62,0x6f,0x6f,0x74,0x00,0x41,0x43,
    0x50,0x49,0x20,0x73,0x6f,0x66,0x74,0x20,0x6f,0x66,0x66,0x00,
    0x73,0x68,0x75,0x74,0x64,0x6f,0x77,0x6e,0x00,0x43,0x58,0x4b,
    0x20,0x73,0x68,0x65,0x6c,0x6c,0x20,0x2d,0x20,0x74,0x79,0x70,
    0x65,0x20,0x27,0x68,0x65,0x6c,0x70,0x27,0x0a,0x00,0x63,0x78,
    0x6b,0x3e,0x20,0x00,0x75,0x6e,0x6b,0x6e,0x6f,0x77,0x6e,0x20,
    0x63,0x6f,0x6d,0x6d,0x61,0x6e,0x64,0x3a,0x20,0x00,0x20,0x20,
    0x28,0x74,0x72,0x79,0x20,0x27,0x68,0x65,0x6c,0x70,0x27,0x29,
    0x0a,0x00,0x0a,0x00,0x08,0x20,0x08,0x00,0x30,0x78,0x00,0x00,
    0x00,0x00,0x00,0x00,0x00,0x00,0x00,0x00,0x00,0x00,0x00,0x00,
    0x00,0x00,0x00,0x00,0x00,0x00,0x00,0x00,0x00,0x00,0x00,0x00,
    0x00,0x00,0x00,0x00,0x00,0x00,0x00,0x00,0x00,0x00,0x00,0x00,
    0x00,0x00,0x00,0x00,0x00,0x00,0x00,0x63,0x78,0x6b,0x20,0x20,
    0x20,0x46,0x69,0x6c,0x65,0x20,0x20,0x20,0x45,0x64,0x69,0x74,
    0x20,0x20,0x20,0x56,0x69,0x65,0x77,0x20,0x20,0x20,0x4f,0x70,
    0x74,0x69,0x6f,0x6e,0x73,0x00,0x43,0x61,0x6c,0x63,0x75,0x6c,
    0x61,0x74,0x6f,0x72,0x00,0x37,0x00,0x38,0x00,0x39,0x00,0x2b,
    0x00,0x34,0x00,0x35,0x00,0x36,0x00,0x2d,0x00,0x31,0x00,0x32,
    0x00,0x33,0x00,0x3d,0x00,0x43,0x00,0x30,0x00,0x00,0x00,0x00,
    0x00,0x00,0x00,0x00,0x00,0x00,0x00,0x00,0x00,0x00,0x00,0x00,
    0x00,0x00,0x00,0x00,0x00,0x00,0x00,0x00,0x00,0x00,0x00,0x00,
    0x00,0x00,0x00,0x00,0x00,0x00,0x00,0x00,0x00,0x00,0x00,0x00,
    0x00,0x00,0x00,0x00,0x00,0x00,0x00,0x00,0x00,0x00,0x00,0x00,
    0x00,0x00,0x00,0x00,0x00,0x00,0x00,0x00,0x00,0x00,0x00,0x00,
    0x00,0x00,0x00,0x00,0x00,0x00,0x00,0x00,0x00,0x00,0x00,0x00,
    0x00,0x00,0x00,0x00,0x00,0x00,0x00,0x00,0x00,0x00,0x00,0x00,
    0x00,0x00,0x00,0x00,0x00,0x00,0x00,0x00,0x00,0x00,0x00,0x00,
    0x00,0x00,0x00,0x00,0x00,0x00,0x00,0x00,0x00,0x00,0x00,0x00,
    0x00,0x00,0x00,0x00,0x00,0x00,0x00,0x00,0x00,0x00,0x00,0x00,
    0x00,0x00,0x00,0x00,0x00,0x00,0x00,0x00,0x00,0x00,0x00,0x00,
    0x00,0x00,0x00,0x00,0x00,0x00,0x00,0x00,0x00,0x00,0x00,0x00,
    0x00,0x00,0x00,0x00,0x00,0x00,0x00,0x00,0x00,0x00,0x00,0x00,
    0x00,0x00,0x00,0x00,0x00,0x00,0x00,0x00,0x00,0x00,0x00,0x00,
    0x00,0x00,0x00,0x00,0x00,0x00,0x00,0x00,0x00,0x00,0x00,0x00,
    0x00,0x00,0x00,0x00,0x00,0x00,0x00,0x00,0x00,0x00,0x00,0x00,
    0x00,0x00,0x00,0x00,0x00,0x00,0x00,0x00,0x00,0x00,0x00,0x00,
    0x00,0x00,0x00,0x00,0x00,0x00,0x00,0x00,0x00,0x00,0x00,0x00,
    0x00,0x00,0x00,0x00,0x00,0x00,0x00,0x00,0x00,0x00,0x00,0x00,
    0x00,0x00,0x00,0x00,0x00,0x00,0x00,0x00,0x00,0x00,0x00,0x00,
    0x00,0x00,0x00,0x00,0x00,0x00,0x00,0x00,0x00,0x00,0x00,0x00,
    0x00,0x00,0x00,0x00,0x00,0x00,0x00,0x00,0x00,0x00,0x00,0x00,
    0x00,0x00,0x00,0x00,0x00,0x00,0x00,0x00,0x00,0x00,0x00,0x00,
    0x00,0x00,0x00,0x00,0x00,0x00,0x00,0x00,0x00,0x00,0x00,0x00,
    0x00,0x00,0x00,0x00,0x00,0x00,0x00,0x00,0x00,0x00,0x00,0x00,
    0x00,0x00,0x00,0x00,0x00,0x00,0x00,0x00,0x00,0x00,0x00,0x00,
    0x00,0x00,0x00,0x00,0x00,0x00,0x00,0x00,0x00,0x00,0x00,0x00,
    0x00,0x00,0x00,0x00,0x00,0x00,0x00,0x00,0x00,0x00,0x00,0x00,
    0x00,0x00,0x00,0x00,0x00,0x00,0x00,0x00,0x00,0x00,0x00,0x00,
    0x00,0x00,0x00,0x00,0x00,0x00,0x00,0x00,0x00,0x00,0x00,0x00,
    0x00,0x00,0x00,0x00,0x00,0x00,0x00,0x00,0x00,0x00,0x00,0x00,
    0x00,0x00,0x00,0x00,0x00,0x00,0x00,0x00,0x00,0x00,0x00,0x00,
    0x00,0x00,0x00,0x00,0x00,0x00,0x00,0x00,0x00,0x00,0x00,0x00,
    0x00,0x00,0x00,0x00,0x00,0x00,0x00,0x00,0x00,0x00,0x00,0x00,
    0x00,0x00,0x00,0x00,0x00,0x00,0x00,0x00,0x00,0x00,0x00,0x00,
    0x00,0x00,0x00,0x00,0x00,0x00,0x00,0x00,0x00,0x00,0x00,0x00,
    0x00,0x00,0x00,0x00,0x00,0x00,0x00,0x00,0x00,0x00,0x00,0x00,
    0x00,0x00,0x00,0x00,0x00,0x00,0x00,0x00,0x00,0x00,0x00,0x00,
    0x00,0x00,0x00,0x00,0x00,0x00,0x00,0x00,0x00,0x00,0x00,0x00,
    0x00,0x00,0x00,0x00,0x00,0x00,0x00,0x00,0x00,0x00,0x00,0x00,
    0x00,0x00,0x00,0x00,0x00,0x00,0x00,0x00,0x00,0x00,0x00,0x00,
    0x00,0x00,0x00,0x00,0x00,0x00,0x00,0x00,0x00,0x00,0x00,0x00,
    0x00,0x00,0x00,0x00,0x00,0x00,0x00,0x00,0x00,
};
static const unsigned int shell_xcex_len = 21297;
#endif
